{
 "parent": "item/handheld",
 "textures": {
  "layer0": "item/knowledge_book"
 },

 "overrides": [
  { "predicate": {"custom_model_data": 15115}, "model": "item/dt_checkpoint"},
  { "predicate": {"custom_model_data": 65761}, "model": "item/blaster/twohands/0"},
  { "predicate": {"custom_model_data": 65762}, "model": "item/blaster/twohands/1"},
  { "predicate": {"custom_model_data": 65763}, "model": "item/bravebomb/0"},
  { "predicate": {"custom_model_data": 65764}, "model": "item/bravebomb/1"},
  { "predicate": {"custom_model_data": 65765}, "model": "item/integritysaw"},
  { "predicate": {"custom_model_data": 65766}, "model": "item/blaster/duality/0"},
  { "predicate": {"custom_model_data": 65767}, "model": "item/blaster/duality/1"},
  { "predicate": {"custom_model_data": 65768}, "model": "item/blaster/polychroma/0"},
  { "predicate": {"custom_model_data": 65769}, "model": "item/blaster/polychroma/1"},
  { "predicate": {"custom_model_data": 65773}, "model": "item/bravebomb/0d"},
  { "predicate": {"custom_model_data": 65774}, "model": "item/bravebomb/1d"},
  { "predicate": {"custom_model_data": 65775}, "model": "item/integritysawd"},
  { "predicate": {"custom_model_data": 741311}, "model": "item/gbmodel/0"},
  { "predicate": {"custom_model_data": 741312}, "model": "item/gbmodel/1"},
  { "predicate": {"custom_model_data": 741313}, "model": "item/gbmodel/shield"},
  { "predicate": {"custom_model_data": 9019103}, "model": "item/attacks/dt_slash"},
 { "predicate": {"custom_model_data": 9019104}, "model": "item/attacks/perse_slash"},
 { "predicate": {"custom_model_data": 9019105}, "model": "item/attacks/brave_slash"},
 { "predicate": {"custom_model_data": 9019106}, "model": "item/attacks/hate"}
 ]
}