{
	"credit": "Made with Blockbench",
	"parent": "minecraft:item/handheld",
	"textures": {
		"layer0": "item/bonebarrage"
	},
	"display": {
		"thirdperson_righthand": {
			"rotation": [0, 90, 0],
			"translation": [0, -2.25, 0],
			"scale": [0.7, 0.72, 0.63]
		},
		"thirdperson_lefthand": {
			"rotation": [0, 0, -96],
			"translation": [0, -1.25, -0.25],
			"scale": [0.59, 0.52, 0.35]
		},
		"firstperson_righthand": {
			"rotation": [0, 89, 0],
			"translation": [1.25, 4, -0.25],
			"scale": [0.52, 0.43, 0.12]
		},
		"firstperson_lefthand": {
			"rotation": [0, -89, 0],
			"translation": [1.5, 4.25, 0],
			"scale": [0.52, 0.43, 0.12]
		},
		"ground": {
			"scale": [0.83, 0.68, 0.51]
		},
		"gui": {
			"rotation": [0, 0, 10]
		},
		"fixed": {
			"rotation": [0, 180, 0]
		}
	}
}