{
    "providers": [
        {
            "type": "bitmap",
            "file": "minecraft:bl.png",
            "ascent": 10,
            "height": 20,
            "chars": ["\uE000"]
        },
        {
            "type": "bitmap",
            "file": "minecraft:br.png",
            "ascent": 10,
            "height": 20,
            "chars": ["\uE001"]
       },
	   {
            "type": "bitmap",
            "file": "minecraft:tl.png",
            "ascent": 10,
            "height": 20,
            "chars": ["\uE002"]
       },
	   {
            "type": "bitmap",
            "file": "minecraft:tr.png",
            "ascent": 10,
            "height": 20,
            "chars": ["\uE003"]
       },
	   {
            "type": "bitmap",
            "file": "minecraft:bs.png",
            "ascent": 10,
            "height": 20,
            "chars": ["\uE004"]
       },
	   {
            "type": "bitmap",
            "file": "minecraft:ts.png",
            "ascent": 10,
            "height": 20,
            "chars": ["\uE005"]
       },
	   {
            "type": "bitmap",
            "file": "minecraft:ls.png",
            "ascent": 10,
            "height": 20,
            "chars": ["\uE006"]
       },
	   {
            "type": "bitmap",
            "file": "minecraft:rs.png",
            "ascent": 10,
            "height": 20,
            "chars": ["\uE007"]
       },
	   {
            "type": "bitmap",
            "file": "minecraft:cs.png",
            "ascent": 10,
            "height": 20,
            "chars": ["\uE008"]
       },
	   {
            "type": "bitmap",
            "file": "minecraft:ms.png",
            "ascent": 10,
            "height": 20,
            "chars": ["\uE009"]
       },
	   {
            "type": "bitmap",
            "file": "minecraft:drs.png",
            "ascent": 10,
            "height": 20,
            "chars": ["\uE00A"]
       },
	   {
            "type": "bitmap",
            "file": "minecraft:dls.png",
            "ascent": 10,
            "height": 20,
            "chars": ["\uE00B"]
       },
	   {
            "type": "bitmap",
            "file": "minecraft:ss.png",
            "ascent": 10,
            "height": 20,
            "chars": ["\uE00C"]
       },
	   {
            "type": "bitmap",
            "file": "minecraft:cr.png",
            "ascent": 10,
            "height": 20,
            "chars": ["\uE00D"]
       },
	   {
            "type": "bitmap",
            "file": "minecraft:sc.png",
            "ascent": 10,
            "height": 20,
            "chars": ["\uE00E"]
       },
	   {
            "type": "bitmap",
            "file": "minecraft:bt.png",
            "ascent": 10,
            "height": 20,
            "chars": ["\uE00F"]
       },
	   {
            "type": "bitmap",
            "file": "minecraft:tt.png",
            "ascent": 10,
            "height": 20,
            "chars": ["\uE01F"]
       },
	   {
            "type": "bitmap",
            "file": "minecraft:bts.png",
            "ascent": 10,
            "height": 20,
            "chars": ["\uE02F"]
       },
	   {
            "type": "bitmap",
            "file": "minecraft:tts.png",
            "ascent": 10,
            "height": 20,
            "chars": ["\uE03F"]
       },
	   {
            "type": "bitmap",
            "file": "minecraft:ld.png",
            "ascent": 10,
            "height": 20,
            "chars": ["\uE04F"]
       },
	   {
            "type": "bitmap",
            "file": "minecraft:rd.png",
            "ascent": 10,
            "height": 20,
            "chars": ["\uE05F"]
       },
	   {
            "type": "bitmap",
            "file": "minecraft:lud.png",
            "ascent": 10,
            "height": 20,
            "chars": ["\uE06F"]
       },
	   {
            "type": "bitmap",
            "file": "minecraft:rud.png",
            "ascent": 10,
            "height": 20,
            "chars": ["\uE07F"]
       },
	   {
            "type": "bitmap",
            "file": "minecraft:mc.png",
            "ascent": 10,
            "height": 20,
            "chars": ["\uE08F"]
       },
	   {
            "type": "bitmap",
            "file": "minecraft:mr.png",
            "ascent": 10,
            "height": 20,
            "chars": ["\uE09F"]
       },
	   {
            "type": "bitmap",
            "file": "minecraft:vh.png",
            "ascent": 10,
            "height": 20,
            "chars": ["\uE0AF"]
       },
	   {
            "type": "bitmap",
            "file": "minecraft:hh.png",
            "ascent": 10,
            "height": 20,
            "chars": ["\uE0BF"]
       },
	   {
            "type": "bitmap",
            "file": "minecraft:vhr.png",
            "ascent": 10,
            "height": 20,
            "chars": ["\uE0CF"]
       },
	   {
            "type": "bitmap",
            "file": "minecraft:hhb.png",
            "ascent": 10,
            "height": 20,
            "chars": ["\uE0DF"]
       },
	   {
            "type": "bitmap",
            "file": "minecraft:bo.png",
            "ascent": 10,
            "height": 20,
            "chars": ["\uE0EF"]
       },
	   {
            "type": "bitmap",
            "file": "minecraft:cbo.png",
            "ascent": 10,
            "height": 20,
            "chars": ["\uE0FF"]
       },
	   {
            "type": "bitmap",
            "file": "minecraft:gra.png",
            "ascent": 10,
            "height": 20,
            "chars": ["\uE1FF"]
       },
	   {
            "type": "bitmap",
            "file": "minecraft:gru.png",
            "ascent": 10,
            "height": 20,
            "chars": ["\uE2FF"]
       },
	   {
            "type": "bitmap",
            "file": "minecraft:bri.png",
            "ascent": 10,
            "height": 20,
            "chars": ["\uE3FF"]
       },
	   {
            "type": "bitmap",
            "file": "minecraft:fol.png",
            "ascent": 10,
            "height": 20,
            "chars": ["\uE4FF"]
       },
	   {
            "type": "bitmap",
            "file": "minecraft:cre.png",
            "ascent": 10,
            "height": 20,
            "chars": ["\uE5FF"]
       },
	   {
            "type": "bitmap",
            "file": "minecraft:sku.png",
            "ascent": 10,
            "height": 20,
            "chars": ["\uE7FF"]
       },
	   {
            "type": "bitmap",
            "file": "minecraft:moj.png",
            "ascent": 10,
            "height": 20,
            "chars": ["\uE8FF"]
       },
	   {
            "type": "bitmap",
            "file": "minecraft:glb.png",
            "ascent": 10,
            "height": 20,
            "chars": ["\uE9FF"]
       },
	   {
            "type": "bitmap",
            "file": "minecraft:pig.png",
            "ascent": 10,
            "height": 20,
            "chars": ["\uEAFF"]
       },
       {
           "type": "bitmap",
           "file": "minecraft:flo.png",
           "ascent": 10,
           "height": 20,
           "chars": ["\uEBFF"]
      },
      {
          "type": "bitmap",
          "file": "minecraft:gus.png",
          "ascent": 10,
          "height": 20,
          "chars": ["\uECFF"]
     }
    ]
}