{
	"credit": "Made with Blockbench",
	"texture_size": [64, 64],
	"textures": {
		"0": "item/green3",
		"particle": "item/green3"
	},
	"elements": [
		{
			"from": [5, 5, 2],
			"to": [12, 6, 14],
			"faces": {
				"north": {"uv": [0, 6.5, 3.5, 7], "texture": "#0"},
				"east": {"uv": [0, 6, 6, 6.5], "texture": "#0"},
				"south": {"uv": [3.5, 6.5, 7, 7], "texture": "#0"},
				"west": {"uv": [6, 6, 12, 6.5], "texture": "#0"},
				"up": {"uv": [3.5, 6, 0, 0], "texture": "#0"},
				"down": {"uv": [7, 0, 3.5, 6], "texture": "#0"}
			}
		}
	],
	"display": {
		"thirdperson_righthand": {
			"rotation": [-80.07, 0, -90],
			"translation": [1.25, 0, 0],
			"scale": [0.5, 0.5, 0.5]
		},
		"thirdperson_lefthand": {
			"scale": [0, 0, 0]
		},
		"firstperson_righthand": {
			"rotation": [0, 0, 90]
		},
		"firstperson_lefthand": {
			"rotation": [0, 0, 90]
		},
		"ground": {
			"rotation": [0, 75, 0]
		},
		"gui": {
			"rotation": [75, 75, 0]
		},
		"fixed": {
			"rotation": [90, 75, 180],
			"translation": [0, 0, -2.25]
		}
	}
}