{
	"credit": "Made with Blockbench",
	"parent": "minecraft:item/handheld",
	"textures": {
		"layer0": "item/bonethrow"
	},
	"display": {
		"thirdperson_righthand": {
			"rotation": [5, -1, 9],
			"translation": [0.75, -0.5, -0.25],
			"scale": [0.41, 0.42, 0.41]
		},
		"thirdperson_lefthand": {
			"rotation": [0, 0, 104],
			"translation": [0.25, -1.25, -0.25],
			"scale": [0.41, 0.42, 0.41]
		},
		"firstperson_righthand": {
			"rotation": [0, 82, 0],
			"translation": [2.25, 2.5, 0],
			"scale": [0.35, 0.35, 0.37]
		},
		"firstperson_lefthand": {
			"rotation": [0, -109, 0],
			"translation": [3, 2.5, 0],
			"scale": [0.35, 0.35, 0.37]
		},
		"ground": {
			"scale": [0.5, 0.5, 0.33]
		},
		"gui": {
			"scale": [0.81, 0.81, 0.64]
		}
	}
}