{
	"credit": "Made with Blockbench",
	"parent": "minecraft:item/handheld",
	"textures": {
		"layer0": "item/bonespike"
	},
	"display": {
		"thirdperson_righthand": {
			"translation": [0, 1.5, -0.5],
			"scale": [0.4, 0.63, 0.51]
		},
		"thirdperson_lefthand": {
			"translation": [0, 1, -0.5],
			"scale": [0.4, 0.63, 0.44]
		},
		"firstperson_righthand": {
			"rotation": [0, -2, 0],
			"translation": [1.5, 4.25, 0],
			"scale": [0.53, 0.56, 0.19]
		},
		"firstperson_lefthand": {
			"translation": [2.25, 4.25, 0],
			"scale": [0.53, 0.56, 0.19]
		},
		"ground": {
			"translation": [0, 4.25, 0]
		},
		"head": {
			"translation": [0, 5.25, 0],
			"scale": [1.33, 1.94, 1.17]
		},
		"fixed": {
			"rotation": [0, 180, 0]
		}
	}
}