{
	"credit": "Made with Blockbench",
	"textures": {
		"0": "item/duality/blaster",
		"particle": "item/duality/blaster"
	},
	"elements": [
		{
			"from": [5, 5.5, -2.5],
			"to": [6, 6, 8],
			"rotation": {"angle": -22.5, "axis": "y", "origin": [-1, 0, -2]},
			"faces": {
				"north": {"uv": [0.5, 7, 0.875, 7.5], "texture": "#0"},
				"east": {"uv": [0.5, 7, 0.875, 7.5], "texture": "#0"},
				"south": {"uv": [0.5, 7, 0.875, 7.5], "texture": "#0"},
				"west": {"uv": [0.5, 7, 0.875, 7.5], "texture": "#0"},
				"up": {"uv": [0.5, 7, 0.875, 7.5], "texture": "#0"},
				"down": {"uv": [0.5, 7, 0.875, 7.5], "texture": "#0"}
			}
		},
		{
			"from": [4.3, 6, 5.55],
			"to": [5.3, 7, 10.55],
			"rotation": {"angle": -22.5, "axis": "y", "origin": [0, 0, 0]},
			"faces": {
				"north": {"uv": [0.5, 7, 0.875, 7.5], "texture": "#0"},
				"east": {"uv": [0.5, 7, 0.875, 7.5], "texture": "#0"},
				"south": {"uv": [0.5, 7, 0.875, 7.5], "texture": "#0"},
				"west": {"uv": [0.5, 7, 0.875, 7.5], "texture": "#0"},
				"up": {"uv": [0.5, 7, 0.875, 7.5], "texture": "#0"},
				"down": {"uv": [0.5, 7, 0.875, 7.5], "texture": "#0"}
			}
		},
		{
			"from": [4.3, 7, 6.55],
			"to": [5.3, 8, 12.55],
			"rotation": {"angle": -22.5, "axis": "y", "origin": [0, 0, 0]},
			"faces": {
				"north": {"uv": [0.5, 7, 0.875, 7.5], "texture": "#0"},
				"east": {"uv": [0.5, 7, 0.875, 7.5], "texture": "#0"},
				"south": {"uv": [0.5, 7, 0.875, 7.5], "texture": "#0"},
				"west": {"uv": [0.5, 7, 0.875, 7.5], "texture": "#0"},
				"up": {"uv": [0.5, 7, 0.875, 7.5], "texture": "#0"},
				"down": {"uv": [0.5, 7, 0.875, 7.5], "texture": "#0"}
			}
		},
		{
			"from": [4.3, 8, 7.55],
			"to": [5.3, 9, 12.55],
			"rotation": {"angle": -22.5, "axis": "y", "origin": [0, 0, 0]},
			"faces": {
				"north": {"uv": [0.5, 7, 0.875, 7.5], "texture": "#0"},
				"east": {"uv": [0.5, 7, 0.875, 7.5], "texture": "#0"},
				"south": {"uv": [0.5, 7, 0.875, 7.5], "texture": "#0"},
				"west": {"uv": [0.5, 7, 0.875, 7.5], "texture": "#0"},
				"up": {"uv": [0.5, 7, 0.875, 7.5], "texture": "#0"},
				"down": {"uv": [0.5, 7, 0.875, 7.5], "texture": "#0"}
			}
		},
		{
			"from": [4.3, 9, 8.55],
			"to": [5.3, 14, 13.55],
			"rotation": {"angle": -22.5, "axis": "y", "origin": [0, 0, 0]},
			"faces": {
				"north": {"uv": [0.5, 7, 0.875, 7.5], "texture": "#0"},
				"east": {"uv": [0.5, 7, 0.875, 7.5], "texture": "#0"},
				"south": {"uv": [0.5, 7, 0.875, 7.5], "texture": "#0"},
				"west": {"uv": [0.5, 7, 0.875, 7.5], "texture": "#0"},
				"up": {"uv": [0.5, 7, 0.875, 7.5], "texture": "#0"},
				"down": {"uv": [0.5, 7, 0.875, 7.5], "texture": "#0"}
			}
		},
		{
			"from": [4.3, 6, 1.55],
			"to": [5.3, 7, 3.55],
			"rotation": {"angle": -22.5, "axis": "y", "origin": [0, 0, 0]},
			"faces": {
				"north": {"uv": [0.5, 7, 0.875, 7.5], "texture": "#0"},
				"east": {"uv": [0.5, 7, 0.875, 7.5], "texture": "#0"},
				"south": {"uv": [0.5, 7, 0.875, 7.5], "texture": "#0"},
				"west": {"uv": [0.5, 7, 0.875, 7.5], "texture": "#0"},
				"up": {"uv": [0.5, 7, 0.875, 7.5], "texture": "#0"},
				"down": {"uv": [0.5, 7, 0.875, 7.5], "texture": "#0"}
			}
		},
		{
			"from": [4.3, 7, 2.55],
			"to": [5.3, 8, 3.55],
			"rotation": {"angle": -22.5, "axis": "y", "origin": [0, 0, 0]},
			"faces": {
				"north": {"uv": [0.5, 7, 0.875, 7.5], "texture": "#0"},
				"east": {"uv": [0.5, 7, 0.875, 7.5], "texture": "#0"},
				"south": {"uv": [0.5, 7, 0.875, 7.5], "texture": "#0"},
				"west": {"uv": [0.5, 7, 0.875, 7.5], "texture": "#0"},
				"up": {"uv": [0.5, 7, 0.875, 7.5], "texture": "#0"},
				"down": {"uv": [0.5, 7, 0.875, 7.5], "texture": "#0"}
			}
		},
		{
			"from": [4.3, 6, -1.45],
			"to": [5.3, 7, 0.55],
			"rotation": {"angle": -22.5, "axis": "y", "origin": [0, 0, 0]},
			"faces": {
				"north": {"uv": [0.5, 7, 0.875, 7.5], "texture": "#0"},
				"east": {"uv": [0.5, 7, 0.875, 7.5], "texture": "#0"},
				"south": {"uv": [0.5, 7, 0.875, 7.5], "texture": "#0"},
				"west": {"uv": [0.5, 7, 0.875, 7.5], "texture": "#0"},
				"up": {"uv": [0.5, 7, 0.875, 7.5], "texture": "#0"},
				"down": {"uv": [0.5, 7, 0.875, 7.5], "texture": "#0"}
			}
		},
		{
			"from": [4.3, 7, -0.45],
			"to": [5.3, 8.5, 0.55],
			"rotation": {"angle": -22.5, "axis": "y", "origin": [0, 0, 0]},
			"faces": {
				"north": {"uv": [0.5, 7, 0.875, 7.5], "texture": "#0"},
				"east": {"uv": [0.5, 7, 0.875, 7.5], "texture": "#0"},
				"south": {"uv": [0.5, 7, 0.875, 7.5], "texture": "#0"},
				"west": {"uv": [0.5, 7, 0.875, 7.5], "texture": "#0"},
				"up": {"uv": [0.5, 7, 0.875, 7.5], "texture": "#0"},
				"down": {"uv": [0.5, 7, 0.875, 7.5], "texture": "#0"}
			}
		},
		{
			"from": [4.3, 9.5, -1.95],
			"to": [5.3, 11, -0.95],
			"rotation": {"angle": -22.5, "axis": "y", "origin": [0, 0, 0]},
			"faces": {
				"north": {"uv": [0.5, 7, 0.875, 7.5], "texture": "#0"},
				"east": {"uv": [0.5, 7, 0.875, 7.5], "texture": "#0"},
				"south": {"uv": [0.5, 7, 0.875, 7.5], "texture": "#0"},
				"west": {"uv": [0.5, 7, 0.875, 7.5], "texture": "#0"},
				"up": {"uv": [0.5, 7, 0.875, 7.5], "texture": "#0"},
				"down": {"uv": [0.5, 7, 0.875, 7.5], "texture": "#0"}
			}
		},
		{
			"from": [4.3, 11, -1.95],
			"to": [5.3, 12, 0.05],
			"rotation": {"angle": -22.5, "axis": "y", "origin": [0, 0, 0]},
			"faces": {
				"north": {"uv": [0.5, 7, 0.875, 7.5], "texture": "#0"},
				"east": {"uv": [0.5, 7, 0.875, 7.5], "texture": "#0"},
				"south": {"uv": [0.5, 7, 0.875, 7.5], "texture": "#0"},
				"west": {"uv": [0.5, 7, 0.875, 7.5], "texture": "#0"},
				"up": {"uv": [0.5, 7, 0.875, 7.5], "texture": "#0"},
				"down": {"uv": [0.5, 7, 0.875, 7.5], "texture": "#0"}
			}
		},
		{
			"from": [4.3, 11, 1.05],
			"to": [5.3, 12, 3.05],
			"rotation": {"angle": -22.5, "axis": "y", "origin": [0, 0, 0]},
			"faces": {
				"north": {"uv": [0.5, 7, 0.875, 7.5], "texture": "#0"},
				"east": {"uv": [0.5, 7, 0.875, 7.5], "texture": "#0"},
				"south": {"uv": [0.5, 7, 0.875, 7.5], "texture": "#0"},
				"west": {"uv": [0.5, 7, 0.875, 7.5], "texture": "#0"},
				"up": {"uv": [0.5, 7, 0.875, 7.5], "texture": "#0"},
				"down": {"uv": [0.5, 7, 0.875, 7.5], "texture": "#0"}
			}
		},
		{
			"from": [4.3, 10, 1.05],
			"to": [5.3, 11, 2.05],
			"rotation": {"angle": -22.5, "axis": "y", "origin": [0, 0, 0]},
			"faces": {
				"north": {"uv": [0.5, 7, 0.875, 7.5], "texture": "#0"},
				"east": {"uv": [0.5, 7, 0.875, 7.5], "texture": "#0"},
				"south": {"uv": [0.5, 7, 0.875, 7.5], "texture": "#0"},
				"west": {"uv": [0.5, 7, 0.875, 7.5], "texture": "#0"},
				"up": {"uv": [0.5, 7, 0.875, 7.5], "texture": "#0"},
				"down": {"uv": [0.5, 7, 0.875, 7.5], "texture": "#0"}
			}
		},
		{
			"from": [4.3, 10.5, 4.05],
			"to": [5.3, 11, 5.05],
			"rotation": {"angle": -22.5, "axis": "y", "origin": [0, 0, 0]},
			"faces": {
				"north": {"uv": [0.5, 7, 0.875, 7.5], "texture": "#0"},
				"east": {"uv": [0.5, 7, 0.875, 7.5], "texture": "#0"},
				"south": {"uv": [0.5, 7, 0.875, 7.5], "texture": "#0"},
				"west": {"uv": [0.5, 7, 0.875, 7.5], "texture": "#0"},
				"up": {"uv": [0.5, 7, 0.875, 7.5], "texture": "#0"},
				"down": {"uv": [0.5, 7, 0.875, 7.5], "texture": "#0"}
			}
		},
		{
			"from": [4.3, 11, 4.05],
			"to": [5.3, 12, 6.05],
			"rotation": {"angle": -22.5, "axis": "y", "origin": [0, 0, 0]},
			"faces": {
				"north": {"uv": [0.5, 7, 0.875, 7.5], "texture": "#0"},
				"east": {"uv": [0.5, 7, 0.875, 7.5], "texture": "#0"},
				"south": {"uv": [0.5, 7, 0.875, 7.5], "texture": "#0"},
				"west": {"uv": [0.5, 7, 0.875, 7.5], "texture": "#0"},
				"up": {"uv": [0.5, 7, 0.875, 7.5], "texture": "#0"},
				"down": {"uv": [0.5, 7, 0.875, 7.5], "texture": "#0"}
			}
		},
		{
			"from": [5, 12, -2.5],
			"to": [6, 13, 7.5],
			"rotation": {"angle": -22.5, "axis": "y", "origin": [-1, 0, -2]},
			"faces": {
				"north": {"uv": [0.5, 7, 0.875, 7.5], "texture": "#0"},
				"east": {"uv": [0.5, 7, 0.875, 7.5], "texture": "#0"},
				"south": {"uv": [0.5, 7, 0.875, 7.5], "texture": "#0"},
				"west": {"uv": [0.5, 7, 0.875, 7.5], "texture": "#0"},
				"up": {"uv": [0.5, 7, 0.875, 7.5], "texture": "#0"},
				"down": {"uv": [0.5, 7, 0.875, 7.5], "texture": "#0"}
			}
		},
		{
			"from": [5, 13, -1],
			"to": [6, 14, 7.5],
			"rotation": {"angle": -22.5, "axis": "y", "origin": [-1, 0, -2]},
			"faces": {
				"north": {"uv": [0.5, 7, 0.875, 7.5], "texture": "#0"},
				"east": {"uv": [0.5, 7, 0.875, 7.5], "texture": "#0"},
				"south": {"uv": [0.5, 7, 0.875, 7.5], "texture": "#0"},
				"west": {"uv": [0, 11.75, 0.75, 15.375], "rotation": 270, "texture": "#0"},
				"up": {"uv": [0, 11.75, 0.125, 15.875], "texture": "#0"},
				"down": {"uv": [0.5, 7, 0.875, 7.5], "texture": "#0"}
			}
		},
		{
			"from": [5, 14, 5.5],
			"to": [6, 15, 14],
			"rotation": {"angle": -22.5, "axis": "y", "origin": [-1, 0, -2]},
			"faces": {
				"north": {"uv": [0.5, 7, 0.875, 7.5], "texture": "#0"},
				"east": {"uv": [0.5, 7, 0.875, 7.5], "texture": "#0"},
				"south": {"uv": [0.5, 7, 0.875, 7.5], "texture": "#0"},
				"west": {"uv": [0.5, 7, 0.875, 7.5], "texture": "#0"},
				"up": {"uv": [0.5, 7, 0.875, 7.5], "texture": "#0"},
				"down": {"uv": [0.5, 7, 0.875, 7.5], "texture": "#0"}
			}
		},
		{
			"from": [6, 15, 6.5],
			"to": [7, 16.2, 11.5],
			"rotation": {"angle": -22.5, "axis": "y", "origin": [-1, 0, -2]},
			"faces": {
				"north": {"uv": [0.5, 7, 0.875, 7.5], "texture": "#0"},
				"east": {"uv": [0.5, 7, 0.875, 7.5], "texture": "#0"},
				"south": {"uv": [0.5, 7, 0.875, 7.5], "texture": "#0"},
				"west": {"uv": [0.5, 7, 0.875, 7.5], "texture": "#0"},
				"up": {"uv": [0.5, 7, 0.875, 7.5], "texture": "#0"},
				"down": {"uv": [0.5, 7, 0.875, 7.5], "texture": "#0"}
			}
		},
		{
			"from": [6, 16.2, 6.5],
			"to": [8, 17.2, 12.5],
			"rotation": {"angle": -22.5, "axis": "y", "origin": [-1, 0, -2]},
			"faces": {
				"north": {"uv": [0.5, 7, 0.875, 7.5], "texture": "#0"},
				"east": {"uv": [0.5, 7, 0.875, 7.5], "texture": "#0"},
				"south": {"uv": [0.5, 7, 0.875, 7.5], "texture": "#0"},
				"west": {"uv": [0.5, 7, 0.875, 7.5], "texture": "#0"},
				"up": {"uv": [0.5, 7, 0.875, 7.5], "texture": "#0"},
				"down": {"uv": [0.5, 7, 0.875, 7.5], "texture": "#0"}
			}
		},
		{
			"from": [6, 17.2, 10.5],
			"to": [8, 18.2, 13.5],
			"rotation": {"angle": -22.5, "axis": "y", "origin": [-1, 0, -2]},
			"faces": {
				"north": {"uv": [0.5, 7, 0.875, 7.5], "texture": "#0"},
				"east": {"uv": [0.5, 7, 0.875, 7.5], "texture": "#0"},
				"south": {"uv": [0.5, 7, 0.875, 7.5], "texture": "#0"},
				"west": {"uv": [0.5, 7, 0.875, 7.5], "texture": "#0"},
				"up": {"uv": [0.5, 7, 0.875, 7.5], "texture": "#0"},
				"down": {"uv": [0.5, 7, 0.875, 7.5], "texture": "#0"}
			}
		},
		{
			"from": [6, 18.2, 12.5],
			"to": [8, 19.2, 14.5],
			"rotation": {"angle": -22.5, "axis": "y", "origin": [-1, 0, -2]},
			"faces": {
				"north": {"uv": [0.5, 7, 0.875, 7.5], "texture": "#0"},
				"east": {"uv": [0.5, 7, 0.875, 7.5], "texture": "#0"},
				"south": {"uv": [0.5, 7, 0.875, 7.5], "texture": "#0"},
				"west": {"uv": [0.5, 7, 0.875, 7.5], "texture": "#0"},
				"up": {"uv": [0.5, 7, 0.875, 7.5], "texture": "#0"},
				"down": {"uv": [0.5, 7, 0.875, 7.5], "texture": "#0"}
			}
		},
		{
			"from": [6.5, 5.5, 3.5],
			"to": [7.5, 6, 14],
			"rotation": {"angle": 22.5, "axis": "y", "origin": [-1, 0, -2]},
			"faces": {
				"north": {"uv": [0.5, 7, 0.875, 7.5], "texture": "#0"},
				"east": {"uv": [0.5, 7, 0.875, 7.5], "texture": "#0"},
				"south": {"uv": [0.5, 7, 0.875, 7.5], "texture": "#0"},
				"west": {"uv": [0.5, 7, 0.875, 7.5], "texture": "#0"},
				"up": {"uv": [0.5, 7, 0.875, 7.5], "texture": "#0"},
				"down": {"uv": [0.5, 7, 0.875, 7.5], "texture": "#0"}
			}
		},
		{
			"from": [6.5, 6, 11],
			"to": [7.5, 7, 16],
			"rotation": {"angle": 22.5, "axis": "y", "origin": [-1, 0, -2]},
			"faces": {
				"north": {"uv": [0.5, 7, 0.875, 7.5], "texture": "#0"},
				"east": {"uv": [0.5, 7, 0.875, 7.5], "texture": "#0"},
				"south": {"uv": [0.5, 7, 0.875, 7.5], "texture": "#0"},
				"west": {"uv": [0.5, 7, 0.875, 7.5], "texture": "#0"},
				"up": {"uv": [0.5, 7, 0.875, 7.5], "texture": "#0"},
				"down": {"uv": [0.5, 7, 0.875, 7.5], "texture": "#0"}
			}
		},
		{
			"from": [6.5, 7, 12],
			"to": [7.5, 8, 18],
			"rotation": {"angle": 22.5, "axis": "y", "origin": [-1, 0, -2]},
			"faces": {
				"north": {"uv": [0.5, 7, 0.875, 7.5], "texture": "#0"},
				"east": {"uv": [0.5, 7, 0.875, 7.5], "texture": "#0"},
				"south": {"uv": [0.5, 7, 0.875, 7.5], "texture": "#0"},
				"west": {"uv": [0.5, 7, 0.875, 7.5], "texture": "#0"},
				"up": {"uv": [0.5, 7, 0.875, 7.5], "texture": "#0"},
				"down": {"uv": [0.5, 7, 0.875, 7.5], "texture": "#0"}
			}
		},
		{
			"from": [6.5, 8, 13],
			"to": [7.5, 9, 18],
			"rotation": {"angle": 22.5, "axis": "y", "origin": [-1, 0, -2]},
			"faces": {
				"north": {"uv": [0.5, 7, 0.875, 7.5], "texture": "#0"},
				"east": {"uv": [0.5, 7, 0.875, 7.5], "texture": "#0"},
				"south": {"uv": [0.5, 7, 0.875, 7.5], "texture": "#0"},
				"west": {"uv": [0.5, 7, 0.875, 7.5], "texture": "#0"},
				"up": {"uv": [0.5, 7, 0.875, 7.5], "texture": "#0"},
				"down": {"uv": [0.5, 7, 0.875, 7.5], "texture": "#0"}
			}
		},
		{
			"from": [6.5, 9, 14],
			"to": [7.5, 14, 19],
			"rotation": {"angle": 22.5, "axis": "y", "origin": [-1, 0, -2]},
			"faces": {
				"north": {"uv": [0.5, 7, 0.875, 7.5], "texture": "#0"},
				"east": {"uv": [0.5, 7, 0.875, 7.5], "texture": "#0"},
				"south": {"uv": [0.5, 7, 0.875, 7.5], "texture": "#0"},
				"west": {"uv": [0.5, 7, 0.875, 7.5], "texture": "#0"},
				"up": {"uv": [0.5, 7, 0.875, 7.5], "texture": "#0"},
				"down": {"uv": [0.5, 7, 0.875, 7.5], "texture": "#0"}
			}
		},
		{
			"from": [6.5, 6, 7],
			"to": [7.5, 7, 9],
			"rotation": {"angle": 22.5, "axis": "y", "origin": [-1, 0, -2]},
			"faces": {
				"north": {"uv": [0.5, 7, 0.875, 7.5], "texture": "#0"},
				"east": {"uv": [0.5, 7, 0.875, 7.5], "texture": "#0"},
				"south": {"uv": [0.5, 7, 0.875, 7.5], "texture": "#0"},
				"west": {"uv": [0.5, 7, 0.875, 7.5], "texture": "#0"},
				"up": {"uv": [0.5, 7, 0.875, 7.5], "texture": "#0"},
				"down": {"uv": [0.5, 7, 0.875, 7.5], "texture": "#0"}
			}
		},
		{
			"from": [6.5, 7, 8],
			"to": [7.5, 8, 9],
			"rotation": {"angle": 22.5, "axis": "y", "origin": [-1, 0, -2]},
			"faces": {
				"north": {"uv": [0.5, 7, 0.875, 7.5], "texture": "#0"},
				"east": {"uv": [0.5, 7, 0.875, 7.5], "texture": "#0"},
				"south": {"uv": [0.5, 7, 0.875, 7.5], "texture": "#0"},
				"west": {"uv": [0.5, 7, 0.875, 7.5], "texture": "#0"},
				"up": {"uv": [0.5, 7, 0.875, 7.5], "texture": "#0"},
				"down": {"uv": [0.5, 7, 0.875, 7.5], "texture": "#0"}
			}
		},
		{
			"from": [6.5, 6, 4],
			"to": [7.5, 7, 6],
			"rotation": {"angle": 22.5, "axis": "y", "origin": [-1, 0, -2]},
			"faces": {
				"north": {"uv": [0.5, 7, 0.875, 7.5], "texture": "#0"},
				"east": {"uv": [0.5, 7, 0.875, 7.5], "texture": "#0"},
				"south": {"uv": [0.5, 7, 0.875, 7.5], "texture": "#0"},
				"west": {"uv": [0.5, 7, 0.875, 7.5], "texture": "#0"},
				"up": {"uv": [0.5, 7, 0.875, 7.5], "texture": "#0"},
				"down": {"uv": [0.5, 7, 0.875, 7.5], "texture": "#0"}
			}
		},
		{
			"from": [6.5, 7, 5],
			"to": [7.5, 8.5, 6],
			"rotation": {"angle": 22.5, "axis": "y", "origin": [-1, 0, -2]},
			"faces": {
				"north": {"uv": [0.5, 7, 0.875, 7.5], "texture": "#0"},
				"east": {"uv": [0.5, 7, 0.875, 7.5], "texture": "#0"},
				"south": {"uv": [0.5, 7, 0.875, 7.5], "texture": "#0"},
				"west": {"uv": [0.5, 7, 0.875, 7.5], "texture": "#0"},
				"up": {"uv": [0.5, 7, 0.875, 7.5], "texture": "#0"},
				"down": {"uv": [0.5, 7, 0.875, 7.5], "texture": "#0"}
			}
		},
		{
			"from": [6.5, 9.5, 3.5],
			"to": [7.5, 11, 4.5],
			"rotation": {"angle": 22.5, "axis": "y", "origin": [-1, 0, -2]},
			"faces": {
				"north": {"uv": [0.5, 7, 0.875, 7.5], "texture": "#0"},
				"east": {"uv": [0.5, 7, 0.875, 7.5], "texture": "#0"},
				"south": {"uv": [0.5, 7, 0.875, 7.5], "texture": "#0"},
				"west": {"uv": [0.5, 7, 0.875, 7.5], "texture": "#0"},
				"up": {"uv": [0.5, 7, 0.875, 7.5], "texture": "#0"},
				"down": {"uv": [0.5, 7, 0.875, 7.5], "texture": "#0"}
			}
		},
		{
			"from": [6.5, 11, 3.5],
			"to": [7.5, 12, 5.5],
			"rotation": {"angle": 22.5, "axis": "y", "origin": [-1, 0, -2]},
			"faces": {
				"north": {"uv": [0.5, 7, 0.875, 7.5], "texture": "#0"},
				"east": {"uv": [0.5, 7, 0.875, 7.5], "texture": "#0"},
				"south": {"uv": [0.5, 7, 0.875, 7.5], "texture": "#0"},
				"west": {"uv": [0.5, 7, 0.875, 7.5], "texture": "#0"},
				"up": {"uv": [0.5, 7, 0.875, 7.5], "texture": "#0"},
				"down": {"uv": [0.5, 7, 0.875, 7.5], "texture": "#0"}
			}
		},
		{
			"from": [6.5, 11, 6.5],
			"to": [7.5, 12, 8.5],
			"rotation": {"angle": 22.5, "axis": "y", "origin": [-1, 0, -2]},
			"faces": {
				"north": {"uv": [0.5, 7, 0.875, 7.5], "texture": "#0"},
				"east": {"uv": [0.5, 7, 0.875, 7.5], "texture": "#0"},
				"south": {"uv": [0.5, 7, 0.875, 7.5], "texture": "#0"},
				"west": {"uv": [0.5, 7, 0.875, 7.5], "texture": "#0"},
				"up": {"uv": [0.5, 7, 0.875, 7.5], "texture": "#0"},
				"down": {"uv": [0.5, 7, 0.875, 7.5], "texture": "#0"}
			}
		},
		{
			"from": [6.5, 10, 6.5],
			"to": [7.5, 11, 7.5],
			"rotation": {"angle": 22.5, "axis": "y", "origin": [-1, 0, -2]},
			"faces": {
				"north": {"uv": [0.5, 7, 0.875, 7.5], "texture": "#0"},
				"east": {"uv": [0.5, 7, 0.875, 7.5], "texture": "#0"},
				"south": {"uv": [0.5, 7, 0.875, 7.5], "texture": "#0"},
				"west": {"uv": [0.5, 7, 0.875, 7.5], "texture": "#0"},
				"up": {"uv": [0.5, 7, 0.875, 7.5], "texture": "#0"},
				"down": {"uv": [0.5, 7, 0.875, 7.5], "texture": "#0"}
			}
		},
		{
			"from": [6.55, 10.5, 9.5],
			"to": [7.5, 11, 10.55],
			"rotation": {"angle": 22.5, "axis": "y", "origin": [-1, 0, -2]},
			"faces": {
				"north": {"uv": [0.5, 7, 0.875, 7.5], "texture": "#0"},
				"east": {"uv": [0.5, 7, 0.875, 7.5], "texture": "#0"},
				"south": {"uv": [0.5, 7, 0.875, 7.5], "texture": "#0"},
				"west": {"uv": [0.5, 7, 0.875, 7.5], "texture": "#0"},
				"up": {"uv": [0.5, 7, 0.875, 7.5], "texture": "#0"},
				"down": {"uv": [0.5, 7, 0.875, 7.5], "texture": "#0"}
			}
		},
		{
			"from": [6.5, 11, 9.5],
			"to": [7.5, 12, 11.5],
			"rotation": {"angle": 22.5, "axis": "y", "origin": [-1, 0, -2]},
			"faces": {
				"north": {"uv": [0.5, 7, 0.875, 7.5], "texture": "#0"},
				"east": {"uv": [0.5, 7, 0.875, 7.5], "texture": "#0"},
				"south": {"uv": [0.5, 7, 0.875, 7.5], "texture": "#0"},
				"west": {"uv": [0.5, 7, 0.875, 7.5], "texture": "#0"},
				"up": {"uv": [0.5, 7, 0.875, 7.5], "texture": "#0"},
				"down": {"uv": [0.5, 7, 0.875, 7.5], "texture": "#0"}
			}
		},
		{
			"from": [6.5, 12, 3.5],
			"to": [7.5, 13, 13.5],
			"rotation": {"angle": 22.5, "axis": "y", "origin": [-1, 0, -2]},
			"faces": {
				"north": {"uv": [0.5, 7, 0.875, 7.5], "texture": "#0"},
				"east": {"uv": [0.5, 7, 0.875, 7.5], "texture": "#0"},
				"south": {"uv": [0.5, 7, 0.875, 7.5], "texture": "#0"},
				"west": {"uv": [0.5, 7, 0.875, 7.5], "texture": "#0"},
				"up": {"uv": [0.5, 7, 0.875, 7.5], "texture": "#0"},
				"down": {"uv": [0.5, 7, 0.875, 7.5], "texture": "#0"}
			}
		},
		{
			"from": [6.5, 13, 5],
			"to": [7.5, 14, 13.5],
			"rotation": {"angle": 22.5, "axis": "y", "origin": [-1, 0, -2]},
			"faces": {
				"north": {"uv": [0.5, 7, 0.875, 7.5], "texture": "#0"},
				"east": {"uv": [1.625, 11.75, 2.375, 15.375], "rotation": 90, "texture": "#0"},
				"south": {"uv": [0.5, 7, 0.875, 7.5], "texture": "#0"},
				"west": {"uv": [0.5, 7, 0.875, 7.5], "texture": "#0"},
				"up": {"uv": [0, 11.75, 0.125, 15.875], "texture": "#0"},
				"down": {"uv": [0.5, 7, 0.875, 7.5], "texture": "#0"}
			}
		},
		{
			"from": [6.5, 14, 11.25],
			"to": [7.5, 15, 19.75],
			"rotation": {"angle": 22.5, "axis": "y", "origin": [-1, 0, -2]},
			"faces": {
				"north": {"uv": [0.5, 7, 0.875, 7.5], "texture": "#0"},
				"east": {"uv": [0.5, 7, 0.875, 7.5], "texture": "#0"},
				"south": {"uv": [0.5, 7, 0.875, 7.5], "texture": "#0"},
				"west": {"uv": [0.5, 7, 0.875, 7.5], "texture": "#0"},
				"up": {"uv": [0.5, 7, 0.875, 7.5], "texture": "#0"},
				"down": {"uv": [0.5, 7, 0.875, 7.5], "texture": "#0"}
			}
		},
		{
			"from": [5.5, 15, 12.25],
			"to": [6.5, 16.2, 17.25],
			"rotation": {"angle": 22.5, "axis": "y", "origin": [-1, 0, -2]},
			"faces": {
				"north": {"uv": [0.5, 7, 0.875, 7.5], "texture": "#0"},
				"east": {"uv": [0.5, 7, 0.875, 7.5], "texture": "#0"},
				"south": {"uv": [0.5, 7, 0.875, 7.5], "texture": "#0"},
				"west": {"uv": [0.5, 7, 0.875, 7.5], "texture": "#0"},
				"up": {"uv": [0.5, 7, 0.875, 7.5], "texture": "#0"},
				"down": {"uv": [0.5, 7, 0.875, 7.5], "texture": "#0"}
			}
		},
		{
			"from": [4.5, 16.2, 12.25],
			"to": [6.5, 17.2, 18.25],
			"rotation": {"angle": 22.5, "axis": "y", "origin": [-1, 0, -2]},
			"faces": {
				"north": {"uv": [0.5, 7, 0.875, 7.5], "texture": "#0"},
				"east": {"uv": [0.5, 7, 0.875, 7.5], "texture": "#0"},
				"south": {"uv": [0.5, 7, 0.875, 7.5], "texture": "#0"},
				"west": {"uv": [0.5, 7, 0.875, 7.5], "texture": "#0"},
				"up": {"uv": [0.5, 7, 0.875, 7.5], "texture": "#0"},
				"down": {"uv": [0.5, 7, 0.875, 7.5], "texture": "#0"}
			}
		},
		{
			"from": [4.5, 17.2, 16.25],
			"to": [6.5, 18.2, 19.25],
			"rotation": {"angle": 22.5, "axis": "y", "origin": [-1, 0, -2]},
			"faces": {
				"north": {"uv": [0.5, 7, 0.875, 7.5], "texture": "#0"},
				"east": {"uv": [0.5, 7, 0.875, 7.5], "texture": "#0"},
				"south": {"uv": [0.5, 7, 0.875, 7.5], "texture": "#0"},
				"west": {"uv": [0.5, 7, 0.875, 7.5], "texture": "#0"},
				"up": {"uv": [0.5, 7, 0.875, 7.5], "texture": "#0"},
				"down": {"uv": [0.5, 7, 0.875, 7.5], "texture": "#0"}
			}
		},
		{
			"from": [4.5, 18.2, 18.25],
			"to": [6.5, 19.2, 20.25],
			"rotation": {"angle": 22.5, "axis": "y", "origin": [-1, 0, -2]},
			"faces": {
				"north": {"uv": [0.5, 7, 0.875, 7.5], "texture": "#0"},
				"east": {"uv": [0.5, 7, 0.875, 7.5], "texture": "#0"},
				"south": {"uv": [0.5, 7, 0.875, 7.5], "texture": "#0"},
				"west": {"uv": [0.5, 7, 0.875, 7.5], "texture": "#0"},
				"up": {"uv": [0.5, 7, 0.875, 7.5], "texture": "#0"},
				"down": {"uv": [0.5, 7, 0.875, 7.5], "texture": "#0"}
			}
		},
		{
			"from": [5.7, 8.75, -9],
			"to": [8, 11.75, -8],
			"rotation": {"angle": 45, "axis": "x", "origin": [0, 0, 0]},
			"faces": {
				"north": {"uv": [0, 10.25, 0.875, 11.625], "texture": "#0"},
				"east": {"uv": [0.5, 7, 0.875, 7.5], "texture": "#0"},
				"south": {"uv": [0.5, 7, 0.875, 7.5], "texture": "#0"},
				"west": {"uv": [0.5, 7, 0.875, 7.5], "texture": "#0"},
				"up": {"uv": [0.5, 7, 0.875, 7.5], "texture": "#0"},
				"down": {"uv": [0.5, 7, 0.875, 7.5], "texture": "#0"}
			}
		},
		{
			"from": [5.7, 11.5, -0.175],
			"to": [8, 12.5, 0.825],
			"faces": {
				"north": {"uv": [0.5, 7, 0.875, 7.5], "texture": "#0"},
				"east": {"uv": [0.5, 7, 0.875, 7.5], "texture": "#0"},
				"south": {"uv": [0.5, 7, 0.875, 7.5], "texture": "#0"},
				"west": {"uv": [0.5, 7, 0.875, 7.5], "texture": "#0"},
				"up": {"uv": [0.5, 7, 0.875, 7.5], "texture": "#0"},
				"down": {"uv": [0.5, 7, 0.875, 7.5], "texture": "#0"}
			}
		},
		{
			"from": [7.7, 10.75, -0.175],
			"to": [8, 11.5, 0.825],
			"faces": {
				"north": {"uv": [0.5, 7, 0.875, 7.5], "texture": "#0"},
				"east": {"uv": [0.5, 7, 0.875, 7.5], "texture": "#0"},
				"south": {"uv": [0.5, 7, 0.875, 7.5], "texture": "#0"},
				"west": {"uv": [0.5, 7, 0.875, 7.5], "texture": "#0"},
				"up": {"uv": [0.5, 7, 0.875, 7.5], "texture": "#0"},
				"down": {"uv": [0.5, 7, 0.875, 7.5], "texture": "#0"}
			}
		},
		{
			"from": [7.4, 11.15, -0.175],
			"to": [7.7, 11.5, 0.825],
			"faces": {
				"north": {"uv": [0.5, 7, 0.875, 7.5], "texture": "#0"},
				"east": {"uv": [0.5, 7, 0.875, 7.5], "texture": "#0"},
				"south": {"uv": [0.5, 7, 0.875, 7.5], "texture": "#0"},
				"west": {"uv": [0.5, 7, 0.875, 7.5], "texture": "#0"},
				"up": {"uv": [0.5, 7, 0.875, 7.5], "texture": "#0"},
				"down": {"uv": [0.5, 7, 0.875, 7.5], "texture": "#0"}
			}
		},
		{
			"from": [6, 11.15, -0.175],
			"to": [6.3, 11.5, 0.825],
			"faces": {
				"north": {"uv": [0.5, 7, 0.875, 7.5], "texture": "#0"},
				"east": {"uv": [0.5, 7, 0.875, 7.5], "texture": "#0"},
				"south": {"uv": [0.5, 7, 0.875, 7.5], "texture": "#0"},
				"west": {"uv": [0.5, 7, 0.875, 7.5], "texture": "#0"},
				"up": {"uv": [0.5, 7, 0.875, 7.5], "texture": "#0"},
				"down": {"uv": [0.5, 7, 0.875, 7.5], "texture": "#0"}
			}
		},
		{
			"from": [5.7, 10.75, -0.175],
			"to": [6, 11.5, 0.825],
			"faces": {
				"north": {"uv": [0.5, 7, 0.875, 7.5], "texture": "#0"},
				"east": {"uv": [0.5, 7, 0.875, 7.5], "texture": "#0"},
				"south": {"uv": [0.5, 7, 0.875, 7.5], "texture": "#0"},
				"west": {"uv": [0.5, 7, 0.875, 7.5], "texture": "#0"},
				"up": {"uv": [0.5, 7, 0.875, 7.5], "texture": "#0"},
				"down": {"uv": [0.5, 7, 0.875, 7.5], "texture": "#0"}
			}
		},
		{
			"from": [4.7, 9.75, -9],
			"to": [5.7, 11.75, -8],
			"rotation": {"angle": 45, "axis": "x", "origin": [0, 0, 0]},
			"faces": {
				"north": {"uv": [0.5, 7, 0.875, 7.5], "texture": "#0"},
				"east": {"uv": [0.5, 7, 0.875, 7.5], "texture": "#0"},
				"south": {"uv": [0.5, 7, 0.875, 7.5], "texture": "#0"},
				"west": {"uv": [0.5, 7, 0.875, 7.5], "texture": "#0"},
				"up": {"uv": [0.5, 7, 0.875, 7.5], "texture": "#0"},
				"down": {"uv": [0.5, 7, 0.875, 7.5], "texture": "#0"}
			}
		},
		{
			"from": [7.95, 9.75, -9],
			"to": [8.95, 11.75, -8],
			"rotation": {"angle": 45, "axis": "x", "origin": [0, 0, 0]},
			"faces": {
				"north": {"uv": [0.5, 7, 0.875, 7.5], "texture": "#0"},
				"east": {"uv": [0.5, 7, 0.875, 7.5], "texture": "#0"},
				"south": {"uv": [0.5, 7, 0.875, 7.5], "texture": "#0"},
				"west": {"uv": [0.5, 7, 0.875, 7.5], "texture": "#0"},
				"up": {"uv": [0.5, 7, 0.875, 7.5], "texture": "#0"},
				"down": {"uv": [0.5, 7, 0.875, 7.5], "texture": "#0"}
			}
		},
		{
			"from": [9.1, 14.5, 6.5],
			"to": [11.35, 16.75, 6.5],
			"faces": {
				"north": {"uv": [0.25, 8.44375, 1.375, 9.56875], "rotation": 180, "texture": "#0"},
				"east": {"uv": [0, 0, 1, 3], "rotation": 270, "texture": "#missing"},
				"west": {"uv": [0, 0, 1, 3], "rotation": 90, "texture": "#missing"},
				"up": {"uv": [0, 0, 2.3, 3], "rotation": 180, "texture": "#missing"},
				"down": {"uv": [0, 0, 2.3, 3], "texture": "#missing"}
			}
		},
		{
			"from": [5.7, 11.75, 18.5],
			"to": [8, 12.75, 20.75],
			"rotation": {"angle": -22.5, "axis": "x", "origin": [0, 0, 0]},
			"faces": {
				"north": {"uv": [0.5, 7, 0.875, 7.5], "texture": "#0"},
				"east": {"uv": [0.5, 7, 0.875, 7.5], "texture": "#0"},
				"south": {"uv": [0.5, 7, 0.875, 7.5], "texture": "#0"},
				"west": {"uv": [0.5, 7, 0.875, 7.5], "texture": "#0"},
				"up": {"uv": [0.5, 7, 0.875, 7.5], "texture": "#0"},
				"down": {"uv": [0.5, 7, 0.875, 7.5], "texture": "#0"}
			}
		},
		{
			"from": [6.1, 11.75, 20.75],
			"to": [7.6, 12.75, 22.75],
			"rotation": {"angle": -22.5, "axis": "x", "origin": [0, 0, 0]},
			"faces": {
				"north": {"uv": [0.5, 7, 0.875, 7.5], "texture": "#0"},
				"east": {"uv": [0.5, 7, 0.875, 7.5], "texture": "#0"},
				"south": {"uv": [0.5, 7, 0.875, 7.5], "texture": "#0"},
				"west": {"uv": [0.5, 7, 0.875, 7.5], "texture": "#0"},
				"up": {"uv": [0.5, 7, 0.875, 7.5], "texture": "#0"},
				"down": {"uv": [0.5, 7, 0.875, 7.5], "texture": "#0"}
			}
		},
		{
			"from": [4.45, 11.75, 7.75],
			"to": [9.25, 12.75, 18.5],
			"rotation": {"angle": -22.5, "axis": "x", "origin": [0, 0, 0]},
			"faces": {
				"north": {"uv": [0.5, 7, 0.875, 7.5], "texture": "#0"},
				"east": {"uv": [0.5, 7, 0.875, 7.5], "texture": "#0"},
				"south": {"uv": [0.5, 7, 0.875, 7.5], "texture": "#0"},
				"west": {"uv": [0.5, 7, 0.875, 7.5], "texture": "#0"},
				"up": {"uv": [0, 11.75, 2.4, 15.875], "rotation": 180, "texture": "#0"},
				"down": {"uv": [0.5, 7, 0.875, 7.5], "texture": "#0"}
			}
		},
		{
			"from": [9.2, 11.75, 13.25],
			"to": [10.5, 12.75, 18.5],
			"rotation": {"angle": -22.5, "axis": "x", "origin": [0, 0, 0]},
			"faces": {
				"north": {"uv": [0.5, 7, 0.875, 7.5], "texture": "#0"},
				"east": {"uv": [0.5, 7, 0.875, 7.5], "texture": "#0"},
				"south": {"uv": [0.5, 7, 0.875, 7.5], "texture": "#0"},
				"west": {"uv": [0.5, 7, 0.875, 7.5], "texture": "#0"},
				"up": {"uv": [0.5, 7, 0.875, 7.5], "texture": "#0"},
				"down": {"uv": [0.5, 7, 0.875, 7.5], "texture": "#0"}
			}
		},
		{
			"from": [3.15, 11.75, 13.25],
			"to": [4.45, 12.75, 18.5],
			"rotation": {"angle": -22.5, "axis": "x", "origin": [0, 0, 0]},
			"faces": {
				"north": {"uv": [0.5, 7, 0.875, 7.5], "texture": "#0"},
				"east": {"uv": [0.5, 7, 0.875, 7.5], "texture": "#0"},
				"south": {"uv": [0.5, 7, 0.875, 7.5], "texture": "#0"},
				"west": {"uv": [0.5, 7, 0.875, 7.5], "texture": "#0"},
				"up": {"uv": [0.5, 7, 0.875, 7.5], "texture": "#0"},
				"down": {"uv": [0.5, 7, 0.875, 7.5], "texture": "#0"}
			}
		}
	],
	"display": {
		"thirdperson_righthand": {
			"translation": [0.5, -0.25, 0],
			"scale": [0.25, 0.25, 0.25]
		},
		"thirdperson_lefthand": {
			"translation": [0.5, -0.25, 0],
			"scale": [0.25, 0.25, 0.25]
		},
		"firstperson_righthand": {
			"translation": [0, 2.5, 0],
			"scale": [0.53, 0.53, 0.53]
		},
		"firstperson_lefthand": {
			"translation": [0, 2.5, 0],
			"scale": [0.53, 0.53, 0.53]
		},
		"gui": {
			"rotation": [0, -180, 0],
			"translation": [-0.75, -3.5, 0],
			"scale": [0.74, 0.74, 0.74]
		},
		"head": {
			"translation": [2.75, -14.75, 0],
			"scale": [3.5, 3.5, 3.5]
		}
	},
	"groups": [
		{
			"name": "xblaster",
			"origin": [8, 8, 8],
			"color": 0,
			"children": [
				{
					"name": "Xblaster1",
					"origin": [8, 8, 8],
					"color": 0,
					"children": [
						{
							"name": "Jaw",
							"origin": [-1, 0, -2],
							"color": 0,
							"children": [0, 1, 2, 3, 4, 5, 6, 7, 8, 9, 10, 11, 12, 13, 14, 15, 16, 17, 18, 19, 20, 21]
						},
						{
							"name": "Jaw2",
							"origin": [-1, 0, -2],
							"color": 0,
							"children": [22, 23, 24, 25, 26, 27, 28, 29, 30, 31, 32, 33, 34, 35, 36, 37, 38, 39, 40, 41, 42, 43]
						},
						44,
						45,
						46,
						47,
						48,
						49,
						50,
						51,
						52,
						53,
						54,
						55,
						56,
						57
					]
				}
			]
		}
	]
}