{
	"texture_size": [64, 64],
	"textures": {
		"0": "item/dualitytexture",
		"1": "item/justexture",
		"particle": "item/dualitytexture"
	},
	"elements": [
		{
			"from": [5, 3, 7],
			"to": [11, 7, 9],
			"faces": {
				"north": {"uv": [0, 1.5, 1.5, 2.5], "texture": "#0"},
				"east": {"uv": [7, 1.5, 7.5, 2.5], "texture": "#0"},
				"south": {"uv": [1.5, 1.5, 3, 2.5], "texture": "#0"},
				"west": {"uv": [7, 2.5, 7.5, 3.5], "texture": "#0"},
				"up": {"uv": [6, 1.75, 4.5, 1.25], "texture": "#0"},
				"down": {"uv": [3.25, 5, 1.75, 5.5], "texture": "#0"}
			}
		},
		{
			"from": [5, 13.5, 7],
			"to": [11, 17.5, 9],
			"faces": {
				"north": {"uv": [3.5, 0, 5, 1], "texture": "#0"},
				"east": {"uv": [2.5, 7.25, 3, 8.25], "texture": "#0"},
				"south": {"uv": [4, 3.5, 5.5, 4.5], "texture": "#0"},
				"west": {"uv": [4.75, 7.25, 5.25, 8.25], "texture": "#0"},
				"up": {"uv": [7.25, 0.5, 5.75, 0], "texture": "#0"},
				"down": {"uv": [7.25, 0.5, 5.75, 1], "texture": "#0"}
			}
		},
		{
			"from": [11.1875, 7.25, 7],
			"to": [15.1875, 13.25, 9],
			"faces": {
				"north": {"uv": [0, 0, 1, 1.5], "texture": "#0"},
				"east": {"uv": [0.75, 5, 1.25, 6.5], "texture": "#0"},
				"south": {"uv": [1, 0, 2, 1.5], "texture": "#0"},
				"west": {"uv": [1.25, 5, 1.75, 6.5], "texture": "#0"},
				"up": {"uv": [3, 1.5, 2, 1], "texture": "#0"},
				"down": {"uv": [8, 1, 7, 1.5], "texture": "#0"}
			}
		},
		{
			"from": [10.5, 15.75, 7],
			"to": [12.5, 20.75, 9],
			"rotation": {"angle": 0, "axis": "y", "origin": [-0.6875, 0.5, 0]},
			"faces": {
				"north": {"uv": [1.75, 6, 2.25, 7.25], "texture": "#0"},
				"east": {"uv": [2.25, 6, 2.75, 7.25], "texture": "#0"},
				"south": {"uv": [2.75, 6, 3.25, 7.25], "texture": "#0"},
				"west": {"uv": [6, 3.25, 6.5, 4.5], "texture": "#0"},
				"up": {"uv": [6.5, 1.5, 6, 1], "texture": "#0"},
				"down": {"uv": [8.75, 0.5, 8.25, 1], "texture": "#0"}
			}
		},
		{
			"from": [7, 16.75, 7],
			"to": [9.5, 21.75, 9],
			"rotation": {"angle": -22.5, "axis": "z", "origin": [-0.1875, 0, 0]},
			"faces": {
				"north": {"uv": [4, 4.5, 4.75, 5.75], "texture": "#0"},
				"east": {"uv": [3.25, 6.5, 3.75, 7.75], "texture": "#0"},
				"south": {"uv": [4.75, 4.5, 5.5, 5.75], "texture": "#0"},
				"west": {"uv": [6.5, 3.5, 7, 4.75], "texture": "#0"},
				"up": {"uv": [8.75, 6.5, 8, 6], "texture": "#0"},
				"down": {"uv": [8.75, 6.5, 8, 7], "texture": "#0"}
			}
		},
		{
			"from": [14.625, 11.75, 12.625],
			"to": [17.125, 16.75, 14.625],
			"rotation": {"angle": -22.5, "axis": "x", "origin": [-0.1875, 0, 0]},
			"faces": {
				"north": {"uv": [0, 5, 0.75, 6.25], "texture": "#0"},
				"east": {"uv": [6.5, 4.75, 7, 6], "texture": "#0"},
				"south": {"uv": [5, 0, 5.75, 1.25], "texture": "#0"},
				"west": {"uv": [6.5, 6, 7, 7.25], "texture": "#0"},
				"up": {"uv": [8.75, 7.5, 8, 7], "texture": "#0"},
				"down": {"uv": [9, 0, 8.25, 0.5], "texture": "#0"}
			}
		},
		{
			"from": [6.5, 16.25, 7],
			"to": [8.5, 21.25, 9],
			"rotation": {"angle": 0, "axis": "y", "origin": [-0.6875, 0, 0]},
			"faces": {
				"north": {"uv": [0.5, 6.5, 1, 7.75], "texture": "#0"},
				"east": {"uv": [1, 6.5, 1.5, 7.75], "texture": "#0"},
				"south": {"uv": [6.5, 1, 7, 2.25], "texture": "#0"},
				"west": {"uv": [6.5, 2.25, 7, 3.5], "texture": "#0"},
				"up": {"uv": [8.75, 8.5, 8.25, 8], "texture": "#0"},
				"down": {"uv": [0.5, 8.5, 0, 9], "texture": "#0"}
			}
		},
		{
			"from": [6.5, 16.125, 14.5625],
			"to": [8.5, 20.125, 16.5625],
			"rotation": {"angle": -22.5, "axis": "x", "origin": [-8.6875, -0.25, 0]},
			"faces": {
				"north": {"uv": [7.5, 3.5, 8, 4.5], "texture": "#0"},
				"east": {"uv": [7.5, 4.5, 8, 5.5], "texture": "#0"},
				"south": {"uv": [5.25, 7.5, 5.75, 8.5], "texture": "#0"},
				"west": {"uv": [7.5, 5.5, 8, 6.5], "texture": "#0"},
				"up": {"uv": [9, 1.5, 8.5, 1], "texture": "#0"},
				"down": {"uv": [9, 1.5, 8.5, 2], "texture": "#0"}
			}
		},
		{
			"from": [6.5, 12.1875, 21.125],
			"to": [8.5, 16.1875, 23.125],
			"rotation": {"angle": -45, "axis": "x", "origin": [-8.6875, -0.25, 0]},
			"faces": {
				"north": {"uv": [6.75, 7.5, 7.25, 8.5], "texture": "#0"},
				"east": {"uv": [7.25, 7.5, 7.75, 8.5], "texture": "#0"},
				"south": {"uv": [0.5, 7.75, 1, 8.75], "texture": "#0"},
				"west": {"uv": [1, 7.75, 1.5, 8.75], "texture": "#0"},
				"up": {"uv": [9, 2.5, 8.5, 2], "texture": "#0"},
				"down": {"uv": [9, 2.5, 8.5, 3], "texture": "#0"}
			}
		},
		{
			"from": [10.5, 12, 20.375],
			"to": [12.5, 16, 22.375],
			"rotation": {"angle": -45, "axis": "x", "origin": [-8.6875, 0.25, 0]},
			"faces": {
				"north": {"uv": [4, 7.75, 4.5, 8.75], "texture": "#0"},
				"east": {"uv": [7.75, 7.5, 8.25, 8.5], "texture": "#0"},
				"south": {"uv": [8, 1, 8.5, 2], "texture": "#0"},
				"west": {"uv": [8, 2, 8.5, 3], "texture": "#0"},
				"up": {"uv": [9, 4.5, 8.5, 4], "texture": "#0"},
				"down": {"uv": [9, 4.5, 8.5, 5], "texture": "#0"}
			}
		},
		{
			"from": [2.5, 11.375, 20.25],
			"to": [4.5, 15.375, 22.25],
			"rotation": {"angle": -45, "axis": "x", "origin": [-8.6875, -0.25, 0]},
			"faces": {
				"north": {"uv": [8, 3, 8.5, 4], "texture": "#0"},
				"east": {"uv": [8, 4, 8.5, 5], "texture": "#0"},
				"south": {"uv": [8, 5, 8.5, 6], "texture": "#0"},
				"west": {"uv": [5.75, 8, 6.25, 9], "texture": "#0"},
				"up": {"uv": [5.5, 9, 5, 8.5], "texture": "#0"},
				"down": {"uv": [9, 5, 8.5, 5.5], "texture": "#0"}
			}
		},
		{
			"from": [2.5, 15, 7],
			"to": [4.5, 20, 9],
			"rotation": {"angle": 0, "axis": "y", "origin": [-8.6875, -0.25, 0]},
			"faces": {
				"north": {"uv": [6, 4.5, 6.5, 5.75], "texture": "#0"},
				"east": {"uv": [6, 5.75, 6.5, 7], "texture": "#0"},
				"south": {"uv": [0, 6.25, 0.5, 7.5], "texture": "#0"},
				"west": {"uv": [5.25, 6.25, 5.75, 7.5], "texture": "#0"},
				"up": {"uv": [6.75, 8.75, 6.25, 8.25], "texture": "#0"},
				"down": {"uv": [8.75, 7.5, 8.25, 8], "texture": "#0"}
			}
		},
		{
			"from": [10.5, 15.6875, 14.0625],
			"to": [12.5, 19.6875, 16.0625],
			"rotation": {"angle": -22.5, "axis": "x", "origin": [-0.6875, 0.5, 0]},
			"faces": {
				"north": {"uv": [6.25, 7.25, 6.75, 8.25], "texture": "#0"},
				"east": {"uv": [0, 7.5, 0.5, 8.5], "texture": "#0"},
				"south": {"uv": [7.5, 1.5, 8, 2.5], "texture": "#0"},
				"west": {"uv": [7.5, 2.5, 8, 3.5], "texture": "#0"},
				"up": {"uv": [3, 8.75, 2.5, 8.25], "texture": "#0"},
				"down": {"uv": [5, 8.25, 4.5, 8.75], "texture": "#0"}
			}
		},
		{
			"from": [2.5, 15, 14],
			"to": [4.5, 19, 16],
			"rotation": {"angle": -22.5, "axis": "x", "origin": [-0.6875, 0, 0]},
			"faces": {
				"north": {"uv": [1.5, 7.75, 2, 8.75], "texture": "#0"},
				"east": {"uv": [2, 7.75, 2.5, 8.75], "texture": "#0"},
				"south": {"uv": [3, 7.75, 3.5, 8.75], "texture": "#0"},
				"west": {"uv": [3.5, 7.75, 4, 8.75], "texture": "#0"},
				"up": {"uv": [9, 3.5, 8.5, 3], "texture": "#0"},
				"down": {"uv": [9, 3.5, 8.5, 4], "texture": "#0"}
			}
		},
		{
			"from": [16.125, -1.375, 7],
			"to": [20.125, 4.625, 9],
			"rotation": {"angle": 45, "axis": "z", "origin": [0, 0, 0]},
			"faces": {
				"north": {"uv": [1, 3.5, 2, 5], "texture": "#0"},
				"east": {"uv": [5.5, 4.75, 6, 6.25], "texture": "#0"},
				"south": {"uv": [2, 3.5, 3, 5], "texture": "#0"},
				"west": {"uv": [3.75, 5.75, 4.25, 7.25], "texture": "#0"},
				"up": {"uv": [8.25, 0.5, 7.25, 0], "texture": "#0"},
				"down": {"uv": [8.25, 0.5, 7.25, 1], "texture": "#0"}
			}
		},
		{
			"from": [-8.8125, 9.9375, 7],
			"to": [-4.8125, 15.9375, 9],
			"rotation": {"angle": -45, "axis": "z", "origin": [0, 0, 0]},
			"faces": {
				"north": {"uv": [3, 2, 4, 3.5], "texture": "#0"},
				"east": {"uv": [3.25, 5, 3.75, 6.5], "texture": "#0"},
				"south": {"uv": [0, 3.5, 1, 5], "texture": "#0"},
				"west": {"uv": [5.5, 3.25, 6, 4.75], "texture": "#0"},
				"up": {"uv": [8, 7, 7, 6.5], "texture": "#0"},
				"down": {"uv": [8, 7, 7, 7.5], "texture": "#0"}
			}
		},
		{
			"from": [0.8125, 7.25, 7],
			"to": [4.8125, 13.25, 9],
			"faces": {
				"north": {"uv": [3, 3.5, 4, 5], "texture": "#0"},
				"east": {"uv": [4.25, 5.75, 4.75, 7.25], "texture": "#0"},
				"south": {"uv": [4, 2, 5, 3.5], "texture": "#0"},
				"west": {"uv": [4.75, 5.75, 5.25, 7.25], "texture": "#0"},
				"up": {"uv": [2.5, 7.75, 1.5, 7.25], "texture": "#0"},
				"down": {"uv": [4.75, 7.25, 3.75, 7.75], "texture": "#0"}
			}
		},
		{
			"from": [-4.5625, 5.6875, 7],
			"to": [1.4375, 9.6875, 9],
			"rotation": {"angle": -45, "axis": "z", "origin": [0, 0, 0]},
			"faces": {
				"north": {"uv": [1.5, 2.5, 3, 3.5], "texture": "#0"},
				"east": {"uv": [7, 5.5, 7.5, 6.5], "texture": "#0"},
				"south": {"uv": [3, 1, 4.5, 2], "texture": "#0"},
				"west": {"uv": [5.75, 7, 6.25, 8], "texture": "#0"},
				"up": {"uv": [6.5, 3.25, 5, 2.75], "texture": "#0"},
				"down": {"uv": [3.25, 5.5, 1.75, 6], "texture": "#0"}
			}
		},
		{
			"from": [9.875, -5.625, 7],
			"to": [15.875, -1.625, 9],
			"rotation": {"angle": 45, "axis": "z", "origin": [0, 0, 0]},
			"faces": {
				"north": {"uv": [2, 0, 3.5, 1], "texture": "#0"},
				"east": {"uv": [7, 3.5, 7.5, 4.5], "texture": "#0"},
				"south": {"uv": [0, 2.5, 1.5, 3.5], "texture": "#0"},
				"west": {"uv": [7, 4.5, 7.5, 5.5], "texture": "#0"},
				"up": {"uv": [6.5, 2.25, 5, 1.75], "texture": "#0"},
				"down": {"uv": [6.5, 2.25, 5, 2.75], "texture": "#0"}
			}
		},
		{
			"from": [4.8, 7, 7.5],
			"to": [11.4, 13.5, 8.5],
			"rotation": {"angle": 0, "axis": "y", "origin": [16, 0, 0]},
			"faces": {
				"north": {"uv": [1.65, 0, 0, 1.625], "texture": "#1"},
				"east": {"uv": [0.25, 0, 0, 1.625], "texture": "#1"},
				"south": {"uv": [1.65, 0, 0, 1.625], "texture": "#1"},
				"west": {"uv": [0.25, 0, 0, 1.625], "texture": "#1"},
				"up": {"uv": [1.65, 0, 0, 0.25], "texture": "#1"},
				"down": {"uv": [1.65, 0, 0, 0.25], "texture": "#1"}
			}
		}
	],
	"display": {
		"thirdperson_righthand": {
			"scale": [0, 0, 0]
		},
		"thirdperson_lefthand": {
			"scale": [0, 0, 0]
		},
		"firstperson_righthand": {
			"scale": [0, 0, 0]
		},
		"firstperson_lefthand": {
			"scale": [0, 0, 0]
		},
		"ground": {
			"scale": [0, 0, 0]
		},
		"gui": {
			"rotation": [-180, 0, -180],
			"translation": [0, -3.75, 0],
			"scale": [0.59961, 0.59961, 0.59961]
		},
		"head": {
			"scale": [3, 3, 3]
		},
		"fixed": {
			"translation": [0, -5.25, -1],
			"scale": [1.1, 1.1, 1.1]
		}
	},
	"groups": [
		{
			"name": "Gaster JUS Left Duality Hand",
			"origin": [8, 8, 8],
			"color": 0,
			"children": [0, 1, 2, 3, 4, 5, 6, 7, 8, 9, 10, 11, 12, 13, 14, 15, 16, 17, 18, 19]
		}
	]
}