{
	"credit": "Made with Blockbench",
	"parent": "minecraft:item/handheld",
	"textures": {
		"layer0": "item/bluemagic"
	},
	"display": {
		"thirdperson_righthand": {
			"rotation": [69, 0, 0],
			"translation": [0, 0.25, -0.5],
			"scale": [0.3, 0.3, 0.25]
		},
		"thirdperson_lefthand": {
			"rotation": [68, 0, 0],
			"translation": [0, 0.25, -0.5],
			"scale": [0.3, 0.3, 0.3]
		},
		"firstperson_righthand": {
			"translation": [2.5, 2.75, 0],
			"scale": [0.4, 0.4, 0.2]
		},
		"firstperson_lefthand": {
			"translation": [2.75, 3, 0],
			"scale": [0.4, 0.4, 0.2]
		},
		"ground": {
			"scale": [0.5, 0.5, 0.3]
		},
		"gui": {
			"scale": [0.8, 0.8, 1]
		},
		"fixed": {
			"scale": [0.6, 0.6, 1]
		}
	}
}