{
	"credit": "Made with Blockbench",
	"parent": "minecraft:item/handheld",
	"textures": {
		"layer0": "item/gasterblast"
	},
	"display": {
		"thirdperson_righthand": {
			"rotation": [68, 0, 0],
			"translation": [0, 0.25, 0],
			"scale": [0.44, 0.39, 0.28]
		},
		"thirdperson_lefthand": {
			"rotation": [69, 0, 0],
			"translation": [0, 0.5, -0.25],
			"scale": [0.44, 0.39, 0.28]
		},
		"firstperson_righthand": {
			"translation": [2.5, 3.5, 0],
			"scale": [0.51, 0.47, 0.27]
		},
		"firstperson_lefthand": {
			"translation": [2.75, 3.5, 0],
			"scale": [0.51, 0.47, 0.27]
		},
		"ground": {
			"scale": [0.5, 0.5, 1]
		},
		"gui": {
			"scale": [1, 1, 0.89]
		}
	}
}