{
    "parent": "minecraft:item/generated",
        
    "display": {
        "thirdperson_righthand": {
            "rotation": [ -80, 260, -40 ],
            "translation": [ -1, -2, 2.5 ],
            "scale": [ 0.9, 0.9, 0.9 ]
        },
        "thirdperson_lefthand": {
            "rotation": [ -80, -280, 40 ],
            "translation": [ -1, -2, 2.5 ],
            "scale": [ 0.9, 0.9, 0.9 ]
        },
        "firstperson_righthand": {
            "rotation": [ 0, -90, 25 ],
            "translation": [ 1.13, 3.2, 1.13],
            "scale": [ 0.68, 0.68, 0.68 ]
        },
        "firstperson_lefthand": {
            "rotation": [ 0, 90, -25 ],
            "translation": [ 1.13, 3.2, 1.13],
            "scale": [ 0.68, 0.68, 0.68 ]
        }
        },
    "overrides": [
    {
        "model": "apicolor:item/bow_quartz_trim",
        "predicate": {
        "trim_type": 0.1
        }
    },
    {
        "model": "apicolor:item/bow_iron_trim",
        "predicate": {
        "trim_type": 0.2
        }
    },
    {
        "model": "apicolor:item/bow_netherite_trim",
        "predicate": {
        "trim_type": 0.3
        }
    },
    {
        "model": "apicolor:item/bow_redstone_trim",
        "predicate": {
        "trim_type": 0.4
        }
    },
    {
        "model": "apicolor:item/bow_copper_trim",
        "predicate": {
        "trim_type": 0.5
        }
    },
    {
        "model": "apicolor:item/bow_gold_trim",
        "predicate": {
        "trim_type": 0.6
        }
    },
    {
        "model": "apicolor:item/bow_emerald_trim",
        "predicate": {
        "trim_type": 0.7
        }
    },
    {
        "model": "apicolor:item/bow_diamond_trim",
        "predicate": {
        "trim_type": 0.8
        }
    },
    {
        "model": "apicolor:item/bow_lapis_trim",
        "predicate": {
        "trim_type": 0.9
        }
    },
    {
        "model": "apicolor:item/bow_amethyst_trim",
        "predicate": {
        "trim_type": 1.0
        }
    },
    {
        "predicate": {
            "pulling": 1
        },
        "model": "item/bow_pulling_0"
    },
    {
        "model": "apicolor:item/bow_pulling_0_quartz_trim",
        "predicate": {
        "trim_type": 0.1,
        "pulling": 1
        }
    },
    {
        "model": "apicolor:item/bow_pulling_0_iron_trim",
        "predicate": {
        "trim_type": 0.2,

        "pulling": 1
        }
    },
    {
        "model": "apicolor:item/bow_pulling_0_netherite_trim",
        "predicate": {
        "trim_type": 0.3,
        "pulling": 1
        }
    },
    {
        "model": "apicolor:item/bow_pulling_0_redstone_trim",
        "predicate": {
        "trim_type": 0.4,
        "pulling": 1
        }
    },
    {
        "model": "apicolor:item/bow_pulling_0_copper_trim",
        "predicate": {
        "trim_type": 0.5,
        "pulling": 1
        }
    },
    {
        "model": "apicolor:item/bow_pulling_0_gold_trim",
        "predicate": {
        "trim_type": 0.6,
        "pulling": 1
        }
    },
    {
        "model": "apicolor:item/bow_pulling_0_emerald_trim",
        "predicate": {
        "trim_type": 0.7,
        "pulling": 1
        }
    },
    {
        "model": "apicolor:item/bow_pulling_0_diamond_trim",
        "predicate": {
        "trim_type": 0.8,
        "pulling": 1
        }
    },
    {
        "model": "apicolor:item/bow_pulling_0_lapis_trim",
        "predicate": {
        "trim_type": 0.9,
        "pulling": 1
        }
    },
    {
        "model": "apicolor:item/bow_pulling_0_amethyst_trim",
        "predicate": {
        "trim_type": 1.0,
        "pulling": 1
        }
    },
    {
        "predicate": {
            "pulling": 1,
            "pull": 0.65
        },
        "model": "item/bow_pulling_1"
    },
    {
        "model": "apicolor:item/bow_pulling_1_quartz_trim",
        "predicate": {
        "trim_type": 0.1,
        "pulling": 1,
        "pull": 0.65
        }
    },
    {
        "model": "apicolor:item/bow_pulling_1_iron_trim",
        "predicate": {
        "trim_type": 0.2,
        "pulling": 1,
        "pull": 0.65
        }
    },
    {
        "model": "apicolor:item/bow_pulling_1_netherite_trim",
        "predicate": {
        "trim_type": 0.3,
        "pulling": 1,
        "pull": 0.65
        }
    },
    {
        "model": "apicolor:item/bow_pulling_1_redstone_trim",
        "predicate": {
        "trim_type": 0.4,
        "pulling": 1,
        "pull": 0.65
        }
    },
    {
        "model": "apicolor:item/bow_pulling_1_copper_trim",
        "predicate": {
        "trim_type": 0.5,
        "pulling": 1,
        "pull": 0.65
        }
    },
    {
        "model": "apicolor:item/bow_pulling_1_gold_trim",
        "predicate": {
        "trim_type": 0.6,
        "pulling": 1,
        "pull": 0.65
        }
    },
    {
        "model": "apicolor:item/bow_pulling_1_emerald_trim",
        "predicate": {
        "trim_type": 0.7,
        "pulling": 1,
        "pull": 0.65
        }
    },
    {
        "model": "apicolor:item/bow_pulling_1_diamond_trim",
        "predicate": {
        "trim_type": 0.8,
        "pulling": 1,
        "pull": 0.65
        }
    },
    {
        "model": "apicolor:item/bow_pulling_1_lapis_trim",
        "predicate": {
        "trim_type": 0.9,
        "pulling": 1,
        "pull": 0.65
        }
    },
    {
        "model": "apicolor:item/bow_pulling_1_amethyst_trim",
        "predicate": {
        "trim_type": 1.0,
        "pulling": 1,
        "pull": 0.65
        }
    },
    {
        "predicate": {
            "pulling": 1,
            "pull": 0.9
        },
        "model": "item/bow_pulling_2"
    },
    {
        "model": "apicolor:item/bow_pulling_2_quartz_trim",
        "predicate": {
        "trim_type": 0.1,
        "pulling": 1,
        "pull": 0.9
        }
    },
    {
        "model": "apicolor:item/bow_pulling_2_iron_trim",
        "predicate": {
        "trim_type": 0.2,
        "pulling": 1,
        "pull": 0.9
        }
    },
    {
        "model": "apicolor:item/bow_pulling_2_netherite_trim",
        "predicate": {
        "trim_type": 0.3,
        "pulling": 1,
        "pull": 0.9
        }
    },
    {
        "model": "apicolor:item/bow_pulling_2_redstone_trim",
        "predicate": {
        "trim_type": 0.4,
        "pulling": 1,
        "pull": 0.9
        }
    },
    {
        "model": "apicolor:item/bow_pulling_2_copper_trim",
        "predicate": {
        "trim_type": 0.5,
        "pulling": 1,
        "pull": 0.9
        }
    },
    {
        "model": "apicolor:item/bow_pulling_2_gold_trim",
        "predicate": {
        "trim_type": 0.6,
        "pulling": 1,
        "pull": 0.9
        }
    },
    {
        "model": "apicolor:item/bow_pulling_2_emerald_trim",
        "predicate": {
        "trim_type": 0.7,
        "pulling": 1,
        "pull": 0.9
        }
    },
    {
        "model": "apicolor:item/bow_pulling_2_diamond_trim",
        "predicate": {
        "trim_type": 0.8,
        "pulling": 1,
        "pull": 0.9
        }
    },
    {
        "model": "apicolor:item/bow_pulling_2_lapis_trim",
        "predicate": {
        "trim_type": 0.9,
        "pulling": 1,
        "pull": 0.9
        }
    },
    {
        "model": "apicolor:item/bow_pulling_2_amethyst_trim",
        "predicate": {
        "trim_type": 1.0,
        "pulling": 1,
        "pull": 0.9
        }
    }
    ],
    "textures": {
    "layer0": "minecraft:item/bow"
    }

    }