{
    "parent": "minecraft:item/handheld_rod",
    "overrides": [
    {
        "model": "apicolor:item/fishing_rod_quartz_trim",
        "predicate": {
        "trim_type": 0.1
        }
    },
    {
        "model": "apicolor:item/fishing_rod_iron_trim",
        "predicate": {
        "trim_type": 0.2
        }
    },
    {
        "model": "apicolor:item/fishing_rod_netherite_trim",
        "predicate": {
        "trim_type": 0.3
        }
    },
    {
        "model": "apicolor:item/fishing_rod_redstone_trim",
        "predicate": {
        "trim_type": 0.4
        }
    },
    {
        "model": "apicolor:item/fishing_rod_copper_trim",
        "predicate": {
        "trim_type": 0.5
        }
    },
    {
        "model": "apicolor:item/fishing_rod_gold_trim",
        "predicate": {
        "trim_type": 0.6
        }
    },
    {
        "model": "apicolor:item/fishing_rod_emerald_trim",
        "predicate": {
        "trim_type": 0.7
        }
    },
    {
        "model": "apicolor:item/fishing_rod_diamond_trim",
        "predicate": {
        "trim_type": 0.8
        }
    },
    {
        "model": "apicolor:item/fishing_rod_lapis_trim",
        "predicate": {
        "trim_type": 0.9
        }
    },
    {
        "model": "apicolor:item/fishing_rod_amethyst_trim",
        "predicate": {
        "trim_type": 1.0
        }
    },
    {
        "predicate": {
            "cast": 1
        },
        "model": "item/fishing_rod_cast"
    },
    {
        "model": "apicolor:item/fishing_rod_cast_quartz_trim",
        "predicate": {
        "trim_type": 0.1,
        "cast": 1
        }
    },
    {
        "model": "apicolor:item/fishing_rod_cast_iron_trim",
        "predicate": {
        "trim_type": 0.2,
        "cast": 1
        }
    },
    {
        "model": "apicolor:item/fishing_rod_cast_netherite_trim",
        "predicate": {
        "trim_type": 0.3,
        "cast": 1
        }
    },
    {
        "model": "apicolor:item/fishing_rod_cast_redstone_trim",
        "predicate": {
        "trim_type": 0.4,
        "cast": 1
        }
    },
    {
        "model": "apicolor:item/fishing_rod_cast_copper_trim",
        "predicate": {
        "trim_type": 0.5,
        "cast": 1
        }
    },
    {
        "model": "apicolor:item/fishing_rod_cast_gold_trim",
        "predicate": {
        "trim_type": 0.6,
        "cast": 1
        }
    },
    {
        "model": "apicolor:item/fishing_rod_cast_emerald_trim",
        "predicate": {
        "trim_type": 0.7,
        "cast": 1
        }
    },
    {
        "model": "apicolor:item/fishing_rod_cast_diamond_trim",
        "predicate": {
        "trim_type": 0.8,
        "cast": 1
        }
    },
    {
        "model": "apicolor:item/fishing_rod_cast_lapis_trim",
        "predicate": {
        "trim_type": 0.9,
        "cast": 1
        }
    },
    {
        "model": "apicolor:item/fishing_rod_cast_amethyst_trim",
        "predicate": {
        "trim_type": 1.0,
        "cast": 1
        }
    }
    ],
    "textures": {
    "layer0": "minecraft:item/fishing_rod"
    }
    }