{
    "parent": "minecraft:item/handheld",
    "overrides": [
    {
        "model": "apicolor:item/iron_axe_quartz_trim",
        "predicate": {
        "trim_type": 0.1
        }
    },
    {
        "model": "apicolor:item/iron_axe_iron_trim",
        "predicate": {
        "trim_type": 0.2
        }
    },
    {
        "model": "apicolor:item/iron_axe_netherite_trim",
        "predicate": {
        "trim_type": 0.3
        }
    },
    {
        "model": "apicolor:item/iron_axe_redstone_trim",
        "predicate": {
        "trim_type": 0.4
        }
    },
    {
        "model": "apicolor:item/iron_axe_copper_trim",
        "predicate": {
        "trim_type": 0.5
        }
    },
    {
        "model": "apicolor:item/iron_axe_gold_trim",
        "predicate": {
        "trim_type": 0.6
        }
    },
    {
        "model": "apicolor:item/iron_axe_emerald_trim",
        "predicate": {
        "trim_type": 0.7
        }
    },
    {
        "model": "apicolor:item/iron_axe_diamond_trim",
        "predicate": {
        "trim_type": 0.8
        }
    },
    {
        "model": "apicolor:item/iron_axe_lapis_trim",
        "predicate": {
        "trim_type": 0.9
        }
    },
    {
        "model": "apicolor:item/iron_axe_amethyst_trim",
        "predicate": {
        "trim_type": 1.0
        }
    },
    {
        "model": "apicolor:item/mace",
        "predicate": {
        "custom_model_data": 2
        }
    },
    {
        "model": "apicolor:item/mace_quartz_trim",
        "predicate": {
        "trim_type": 0.1,
        "custom_model_data": 2
        }
    },
    {
        "model": "apicolor:item/mace_iron_trim",
        "predicate": {
        "trim_type": 0.2,
        "custom_model_data": 2
        }
    },
    {
        "model": "apicolor:item/mace_netherite_trim",
        "predicate": {
        "trim_type": 0.3,
        "custom_model_data": 2
        }
    },
    {
        "model": "apicolor:item/mace_redstone_trim",
        "predicate": {
        "trim_type": 0.4,
        "custom_model_data": 2
        }
    },
    {
        "model": "apicolor:item/mace_copper_trim",
        "predicate": {
        "trim_type": 0.5,
        "custom_model_data": 2
        }
    },
    {
        "model": "apicolor:item/mace_gold_trim",
        "predicate": {
        "trim_type": 0.6,
        "custom_model_data": 2
        }
    },
    {
        "model": "apicolor:item/mace_emerald_trim",
        "predicate": {
        "trim_type": 0.7,
        "custom_model_data": 2
        }
    },
    {
        "model": "apicolor:item/mace_diamond_trim",
        "predicate": {
        "trim_type": 0.8,
        "custom_model_data": 2
        }
    },
    {
        "model": "apicolor:item/mace_lapis_trim",
        "predicate": {
        "trim_type": 0.9,
        "custom_model_data": 2
        }
    },
    {
        "model": "apicolor:item/mace_amethyst_trim",
        "predicate": {
        "trim_type": 1.0,
        "custom_model_data": 2
        }
    }
    ],
    "textures": {
    "layer0": "minecraft:item/iron_axe"
    }
    }