{
    "parent": "minecraft:item/handheld",
    "overrides": [
    {
        "model": "apicolor:item/stone_pickaxe_quartz_trim",
        "predicate": {
        "trim_type": 0.1
        }
    },
    {
        "model": "apicolor:item/stone_pickaxe_iron_trim",
        "predicate": {
        "trim_type": 0.2
        }
    },
    {
        "model": "apicolor:item/stone_pickaxe_netherite_trim",
        "predicate": {
        "trim_type": 0.3
        }
    },
    {
        "model": "apicolor:item/stone_pickaxe_redstone_trim",
        "predicate": {
        "trim_type": 0.4
        }
    },
    {
        "model": "apicolor:item/stone_pickaxe_copper_trim",
        "predicate": {
        "trim_type": 0.5
        }
    },
    {
        "model": "apicolor:item/stone_pickaxe_gold_trim",
        "predicate": {
        "trim_type": 0.6
        }
    },
    {
        "model": "apicolor:item/stone_pickaxe_emerald_trim",
        "predicate": {
        "trim_type": 0.7
        }
    },
    {
        "model": "apicolor:item/stone_pickaxe_diamond_trim",
        "predicate": {
        "trim_type": 0.8
        }
    },
    {
        "model": "apicolor:item/stone_pickaxe_lapis_trim",
        "predicate": {
        "trim_type": 0.9
        }
    },
    {
        "model": "apicolor:item/stone_pickaxe_amethyst_trim",
        "predicate": {
        "trim_type": 1.0
        }
    }
    ],
    "textures": {
    "layer0": "minecraft:item/stone_pickaxe"
    }
    }