{
    "parent": "minecraft:item/handheld",
    "overrides": [
    {
        "model": "apicolor:item/iron_sword_quartz_trim",
        "predicate": {
        "trim_type": 0.1
        }
    },
    {
        "model": "apicolor:item/iron_sword_iron_trim",
        "predicate": {
        "trim_type": 0.2
        }
    },
    {
        "model": "apicolor:item/iron_sword_netherite_trim",
        "predicate": {
        "trim_type": 0.3
        }
    },
    {
        "model": "apicolor:item/iron_sword_redstone_trim",
        "predicate": {
        "trim_type": 0.4
        }
    },
    {
        "model": "apicolor:item/iron_sword_copper_trim",
        "predicate": {
        "trim_type": 0.5
        }
    },
    {
        "model": "apicolor:item/iron_sword_gold_trim",
        "predicate": {
        "trim_type": 0.6
        }
    },
    {
        "model": "apicolor:item/iron_sword_emerald_trim",
        "predicate": {
        "trim_type": 0.7
        }
    },
    {
        "model": "apicolor:item/iron_sword_diamond_trim",
        "predicate": {
        "trim_type": 0.8
        }
    },
    {
        "model": "apicolor:item/iron_sword_lapis_trim",
        "predicate": {
        "trim_type": 0.9
        }
    },
    {
        "model": "apicolor:item/iron_sword_amethyst_trim",
        "predicate": {
        "trim_type": 1.0
        }
    }
    ],
    "textures": {
    "layer0": "minecraft:item/iron_sword"
    }
    }