{
	"credit": "Made with Blockbench",
	"parent": "minecraft:item/handheld",
	"textures": {
		"layer0": "item/chroma/orange"
	},
	"display": {
		"thirdperson_righthand": {
			"translation": [0, -1.5, -1],
			"scale": [0.34, 0.33, 0.47]
		},
		"thirdperson_lefthand": {
			"rotation": [-270, -90, -55],
			"translation": [0, 0, 0.5],
			"scale": [0, 0, 0]
		},
		"firstperson_righthand": {
			"translation": [3.25, 3, 0],
			"scale": [0.45, 0.42, 0.24]
		},
		"firstperson_lefthand": {
			"scale": [0, 0, 0]
		}
	}
}