{
	"credit": "Made with Blockbench",
	"parent": "minecraft:item/handheld",
	"textures": {
		"layer0": "custom/perseverance"
	},
	"display": {
		"thirdperson_righthand": {
			"rotation": [11, 0, 0],
			"translation": [0, -1.75, -1],
			"scale": [0.3, 0.3, 0.5]
		},
		"thirdperson_lefthand": {
			"rotation": [70, 0, 0],
			"translation": [0, 1, -0.25],
			"scale": [0.3, 0.3, 0.5]
		},
		"firstperson_righthand": {
			"translation": [2.25, 2.25, -0.25],
			"scale": [0.3, 0.3, 0.3]
		},
		"firstperson_lefthand": {
			"translation": [2.25, 2.25, -0.25],
			"scale": [0.3, 0.3, 0.3]
		}
	}
}