{
	"credit": "Made with Blockbench",
	"parent": "minecraft:item/handheld",
	"textures": {
		"layer0": "item/multi_blast"
	},
	"display": {
		"thirdperson_righthand": {
			"translation": [0, -1.75, -0.5],
			"scale": [0.43, 0.46, 0.14]
		},
		"thirdperson_lefthand": {
			"translation": [0, -1.5, -0.25],
			"scale": [0.43, 0.46, 0.14]
		},
		"firstperson_righthand": {
			"translation": [2, 3.5, 0],
			"scale": [0.42, 0.4, 0.09]
		},
		"firstperson_lefthand": {
			"translation": [2, 3.5, 0],
			"scale": [0.42, 0.4, 0.15]
		},
		"ground": {
			"scale": [0.49, 0.49, 0.21]
		},
		"gui": {
			"scale": [0.92, 0.92, 0.92]
		},
		"fixed": {
			"scale": [1, 1, 0.66]
		}
	}
}