{
    "parent": "minecraft:item/generated",

    "display": {
        "firstperson_lefthand": {
        "rotation": [ 55, -85, 0 ],
        "translation": [ 8.0, 0.5, -5.5 ],
        "scale": [ 1.0, 1.0, 1.0 ]
        },
        "thirdperson_righthand": {
        "rotation": [ 0, 0, 45 ],
        "translation": [ 0, 4, 0 ],
        "scale": [ 0.9, 0.9, 0.9 ]
        },
        "thirdperson_lefthand": {
        "rotation": [ 0, 0, -45 ],
        "translation": [ 0, 4, 0 ],
        "scale": [ 0.9, 0.9, 0.9 ]
    }
    },
    "overrides": [
    {
        "model": "apicolor:item/brush_quartz_trim",
        "predicate": {
        "trim_type": 0.1
        }
    },
    {
        "model": "apicolor:item/brush_iron_trim",
        "predicate": {
        "trim_type": 0.2
        }
    },
    {
        "model": "apicolor:item/brush_netherite_trim",
        "predicate": {
        "trim_type": 0.3
        }
    },
    {
        "model": "apicolor:item/brush_redstone_trim",
        "predicate": {
        "trim_type": 0.4
        }
    },
    {
        "model": "apicolor:item/brush_copper_trim",
        "predicate": {
        "trim_type": 0.5
        }
    },
    {
        "model": "apicolor:item/brush_gold_trim",
        "predicate": {
        "trim_type": 0.6
        }
    },
    {
        "model": "apicolor:item/brush_emerald_trim",
        "predicate": {
        "trim_type": 0.7
        }
    },
    {
        "model": "apicolor:item/brush_diamond_trim",
        "predicate": {
        "trim_type": 0.8
        }
    },
    {
        "model": "apicolor:item/brush_lapis_trim",
        "predicate": {
        "trim_type": 0.9
        }
    },
    {
        "model": "apicolor:item/brush_amethyst_trim",
        "predicate": {
        "trim_type": 1.0
        }
    },
    {
        "predicate": {
            "brushing": 0.25
        },
        "model": "item/brush_brushing_0"
    },
    {
        "model": "apicolor:item/brush_brushing_0_quartz_trim",
        "predicate": {
        "trim_type": 0.1,
        "brushing": 0.25
        }
    },
    {
        "model": "apicolor:item/brush_brushing_0_iron_trim",
        "predicate": {
        "trim_type": 0.2,
        "brushing": 0.25
        }
    },
    {
        "model": "apicolor:item/brush_brushing_0_netherite_trim",
        "predicate": {
        "trim_type": 0.3,
        "brushing": 0.25
        }
    },
    {
        "model": "apicolor:item/brush_brushing_0_redstone_trim",
        "predicate": {
        "trim_type": 0.4,
        "brushing": 0.25
        }
    },
    {
        "model": "apicolor:item/brush_brushing_0_copper_trim",
        "predicate": {
        "trim_type": 0.5,
        "brushing": 0.25
        }
    },
    {
        "model": "apicolor:item/brush_brushing_0_gold_trim",
        "predicate": {
        "trim_type": 0.6,
        "brushing": 0.25
        }
    },
    {
        "model": "apicolor:item/brush_brushing_0_emerald_trim",
        "predicate": {
        "trim_type": 0.7,
        "brushing": 0.25
        }
    },
    {
        "model": "apicolor:item/brush_brushing_0_diamond_trim",
        "predicate": {
        "trim_type": 0.8,
        "brushing": 0.25
        }
    },
    {
        "model": "apicolor:item/brush_brushing_0_lapis_trim",
        "predicate": {
        "trim_type": 0.9,
        "brushing": 0.25
        }
    },
    {
        "model": "apicolor:item/brush_brushing_0_amethyst_trim",
        "predicate": {
        "trim_type": 1.0,
        "brushing": 0.25
        }
    },
    {
        "predicate": {
            "brushing": 0.5
        },
        "model": "item/brush_brushing_1"
    },

    {
        "model": "apicolor:item/brush_brushing_1_quartz_trim",
        "predicate": {
        "trim_type": 0.1,
        "brushing": 0.5
        }
    },
    {
        "model": "apicolor:item/brush_brushing_1_iron_trim",
        "predicate": {
        "trim_type": 0.2,
        "brushing": 0.5
        }
    },
    {
        "model": "apicolor:item/brush_brushing_1_netherite_trim",
        "predicate": {
        "trim_type": 0.3,
        "brushing": 0.5
        }
    },
    {
        "model": "apicolor:item/brush_brushing_1_redstone_trim",
        "predicate": {
        "trim_type": 0.4,
        "brushing": 0.5
        }
    },
    {
        "model": "apicolor:item/brush_brushing_1_copper_trim",
        "predicate": {
        "trim_type": 0.5,
        "brushing": 0.5
        }
    },
    {
        "model": "apicolor:item/brush_brushing_1_gold_trim",
        "predicate": {
        "trim_type": 0.6,
        "brushing": 0.5
        }
    },
    {
        "model": "apicolor:item/brush_brushing_1_emerald_trim",
        "predicate": {
        "trim_type": 0.7,
        "brushing": 0.5
        }
    },
    {
        "model": "apicolor:item/brush_brushing_1_diamond_trim",
        "predicate": {
        "trim_type": 0.8,
        "brushing": 0.5
        }
    },
    {
        "model": "apicolor:item/brush_brushing_1_lapis_trim",
        "predicate": {
        "trim_type": 0.9,
        "brushing": 0.5
        }
    },
    {
        "model": "apicolor:item/brush_brushing_1_amethyst_trim",
        "predicate": {
        "trim_type": 1.0,
        "brushing": 0.5
        }
    },
    {
        "predicate": {
        "brushing": 0.75
        },
        "model": "item/brush_brushing_2"
    },
    {
        "model": "apicolor:item/brush_brushing_2_quartz_trim",
        "predicate": {
        "trim_type": 0.1,
        "brushing": 0.75
        }
    },
    {
        "model": "apicolor:item/brush_brushing_2_iron_trim",
        "predicate": {
        "trim_type": 0.2,
        "brushing": 0.75
        }
    },
    {
        "model": "apicolor:item/brush_brushing_2_netherite_trim",
        "predicate": {
        "trim_type": 0.3,
        "brushing": 0.75
        }
    },
    {
        "model": "apicolor:item/brush_brushing_2_redstone_trim",
        "predicate": {
        "trim_type": 0.4,
        "brushing": 0.75
        }
    },
    {
        "model": "apicolor:item/brush_brushing_2_copper_trim",
        "predicate": {
        "trim_type": 0.5,
        "brushing": 0.75
        }
    },
    {
        "model": "apicolor:item/brush_brushing_2_gold_trim",
        "predicate": {
        "trim_type": 0.6,
        "brushing": 0.75
        }
    },
    {
        "model": "apicolor:item/brush_brushing_2_emerald_trim",
        "predicate": {
        "trim_type": 0.7,
        "brushing": 0.75
        }
    },
    {
        "model": "apicolor:item/brush_brushing_2_diamond_trim",
        "predicate": {
        "trim_type": 0.8,
        "brushing": 0.75
        }
    },
    {
        "model": "apicolor:item/brush_brushing_2_lapis_trim",
        "predicate": {
        "trim_type": 0.9,
        "brushing": 0.75
        }
    },
    {
        "model": "apicolor:item/brush_brushing_2_amethyst_trim",
        "predicate": {
        "trim_type": 1.0,
        "brushing": 0.75
        }
    }
    ],
    "textures": {
    "layer0": "minecraft:item/brush"
    }
    }