{
	"credit": "Made with Blockbench",
	"texture_size": [64, 64],
	"textures": {
		"0": "item/dualitytexture",
		"particle": "item/dualitytexture"
	},
	"elements": [
		{
			"name": "hexadecagon5",
			"from": [7.50272, 12, 5.5],
			"to": [8.49728, 14.4762, 10.5],
			"rotation": {"angle": -45, "axis": "y", "origin": [8, 8, 8]},
			"faces": {
				"north": {"uv": [7.5, 4.75, 7.75, 5.25], "texture": "#0"},
				"east": {"uv": [6.25, 4.75, 7.5, 5.25], "texture": "#0"},
				"south": {"uv": [7.75, 0, 8, 0.5], "texture": "#0"},
				"west": {"uv": [5.25, 6.25, 6.5, 6.75], "texture": "#0"},
				"up": {"uv": [4, 7.75, 3.75, 6.5], "texture": "#0"},
				"down": {"uv": [4.25, 6.5, 4, 7.75], "texture": "#0"}
			}
		},
		{
			"name": "hexadecagon6",
			"from": [7.50272, 12, 5.5],
			"to": [8.49728, 14.4762, 10.5],
			"rotation": {"angle": -22.5, "axis": "y", "origin": [8, 8, 8]},
			"faces": {
				"north": {"uv": [8.75, 1.5, 9, 2], "texture": "#0"},
				"east": {"uv": [0, 6.5, 1.25, 7], "texture": "#0"},
				"south": {"uv": [8.75, 2, 9, 2.5], "texture": "#0"},
				"west": {"uv": [6.5, 0, 7.75, 0.5], "texture": "#0"},
				"up": {"uv": [4.5, 7.75, 4.25, 6.5], "texture": "#0"},
				"down": {"uv": [6.75, 6.75, 6.5, 8], "texture": "#0"}
			}
		},
		{
			"name": "hexadecagon7",
			"from": [7.50272, 12, 5.5],
			"to": [8.49728, 14.4762, 10.5],
			"rotation": {"angle": 0, "axis": "y", "origin": [8, 8, 8]},
			"faces": {
				"north": {"uv": [3.75, 8.75, 4, 9.25], "texture": "#0"},
				"east": {"uv": [1.25, 6.5, 2.5, 7], "texture": "#0"},
				"south": {"uv": [8.75, 3.75, 9, 4.25], "texture": "#0"},
				"west": {"uv": [2.5, 6.5, 3.75, 7], "texture": "#0"},
				"up": {"uv": [7, 8, 6.75, 6.75], "texture": "#0"},
				"down": {"uv": [0.25, 7, 0, 8.25], "texture": "#0"}
			}
		},
		{
			"name": "hexadecagon8",
			"from": [7.50272, 12, 5.5],
			"to": [8.49728, 14.4762, 10.5],
			"rotation": {"angle": 22.5, "axis": "y", "origin": [8, 8, 8]},
			"faces": {
				"north": {"uv": [4, 8.75, 4.25, 9.25], "texture": "#0"},
				"east": {"uv": [6.5, 5.25, 7.75, 5.75], "texture": "#0"},
				"south": {"uv": [4.25, 8.75, 4.5, 9.25], "texture": "#0"},
				"west": {"uv": [6.5, 5.75, 7.75, 6.25], "texture": "#0"},
				"up": {"uv": [0.5, 8.25, 0.25, 7], "texture": "#0"},
				"down": {"uv": [0.75, 7, 0.5, 8.25], "texture": "#0"}
			}
		},
		{
			"name": "hexadecagon9",
			"from": [7.50272, 12, 5.5],
			"to": [8.49728, 14.4762, 10.5],
			"rotation": {"angle": 45, "axis": "y", "origin": [8, 8, 8]},
			"faces": {
				"north": {"uv": [8.75, 4.25, 9, 4.75], "texture": "#0"},
				"east": {"uv": [6.5, 6.25, 7.75, 6.75], "texture": "#0"},
				"south": {"uv": [4.5, 8.75, 4.75, 9.25], "texture": "#0"},
				"west": {"uv": [6.75, 0.5, 8, 1], "texture": "#0"},
				"up": {"uv": [1, 8.25, 0.75, 7], "texture": "#0"},
				"down": {"uv": [1.25, 7, 1, 8.25], "texture": "#0"}
			}
		},
		{
			"name": "hexadecagon10",
			"from": [5.5, 12, 7.50272],
			"to": [10.5, 14.4762, 8.49728],
			"rotation": {"angle": -22.5, "axis": "y", "origin": [8, 8, 8]},
			"faces": {
				"north": {"uv": [6.75, 1, 8, 1.5], "texture": "#0"},
				"east": {"uv": [4.75, 8.75, 5, 9.25], "texture": "#0"},
				"south": {"uv": [6.75, 1.5, 8, 2], "texture": "#0"},
				"west": {"uv": [8.75, 4.75, 9, 5.25], "texture": "#0"},
				"up": {"uv": [8, 3.75, 6.75, 3.5], "texture": "#0"},
				"down": {"uv": [2.5, 7, 1.25, 7.25], "texture": "#0"}
			}
		},
		{
			"name": "hexadecagon11",
			"from": [5.5, 12, 7.50272],
			"to": [10.5, 14.4762, 8.49728],
			"rotation": {"angle": 0, "axis": "y", "origin": [8, 8, 8]},
			"faces": {
				"north": {"uv": [6.75, 2, 8, 2.5], "texture": "#0"},
				"east": {"uv": [5, 8.75, 5.25, 9.25], "texture": "#0"},
				"south": {"uv": [6.75, 2.5, 8, 3], "texture": "#0"},
				"west": {"uv": [5.25, 8.75, 5.5, 9.25], "texture": "#0"},
				"up": {"uv": [3.75, 7.25, 2.5, 7], "texture": "#0"},
				"down": {"uv": [8.25, 3.75, 7, 4], "texture": "#0"}
			}
		},
		{
			"name": "hexadecagon12",
			"from": [5.5, 12, 7.50272],
			"to": [10.5, 14.4762, 8.49728],
			"rotation": {"angle": 22.5, "axis": "y", "origin": [8, 8, 8]},
			"faces": {
				"north": {"uv": [6.75, 3, 8, 3.5], "texture": "#0"},
				"east": {"uv": [8.75, 5.25, 9, 5.75], "texture": "#0"},
				"south": {"uv": [5.25, 6.75, 6.5, 7.25], "texture": "#0"},
				"west": {"uv": [5.5, 8.75, 5.75, 9.25], "texture": "#0"},
				"up": {"uv": [8.25, 4.25, 7, 4], "texture": "#0"},
				"down": {"uv": [8.25, 4.25, 7, 4.5], "texture": "#0"}
			}
		},
		{
			"name": "hexadecagon13",
			"from": [7.55245, 11.7, 5.75],
			"to": [8.44755, 14.8218, 10.25],
			"rotation": {"angle": -45, "axis": "y", "origin": [8, 27.3, 8]},
			"faces": {
				"north": {"uv": [4.5, 5.5, 4.75, 6.25], "texture": "#0"},
				"east": {"uv": [0, 4, 1.25, 4.75], "texture": "#0"},
				"south": {"uv": [4.75, 5.5, 5, 6.25], "texture": "#0"},
				"west": {"uv": [4, 0, 5.25, 0.75], "texture": "#0"},
				"up": {"uv": [7.25, 8, 7, 6.75], "texture": "#0"},
				"down": {"uv": [1.5, 7.25, 1.25, 8.5], "texture": "#0"}
			}
		},
		{
			"name": "hexadecagon14",
			"from": [7.55245, 11.7, 5.75],
			"to": [8.44755, 14.8218, 10.25],
			"rotation": {"angle": -22.5, "axis": "y", "origin": [8, 27.3, 8]},
			"faces": {
				"north": {"uv": [8.25, 2.25, 8.5, 3], "texture": "#0"},
				"east": {"uv": [4, 0.75, 5.25, 1.5], "texture": "#0"},
				"south": {"uv": [1.25, 8.5, 1.5, 9.25], "texture": "#0"},
				"west": {"uv": [1.25, 4, 2.5, 4.75], "texture": "#0"},
				"up": {"uv": [1.75, 8.5, 1.5, 7.25], "texture": "#0"},
				"down": {"uv": [2, 7.25, 1.75, 8.5], "texture": "#0"}
			}
		},
		{
			"name": "hexadecagon15",
			"from": [7.55245, 11.7, 5.75],
			"to": [8.44755, 14.8218, 10.25],
			"rotation": {"angle": 0, "axis": "y", "origin": [8, 27.3, 8]},
			"faces": {
				"north": {"uv": [8.5, 1.25, 8.75, 2], "texture": "#0"},
				"east": {"uv": [4, 1.5, 5.25, 2.25], "texture": "#0"},
				"south": {"uv": [1.5, 8.5, 1.75, 9.25], "texture": "#0"},
				"west": {"uv": [4, 2.25, 5.25, 3], "texture": "#0"},
				"up": {"uv": [2.25, 8.5, 2, 7.25], "texture": "#0"},
				"down": {"uv": [2.5, 7.25, 2.25, 8.5], "texture": "#0"}
			}
		},
		{
			"name": "hexadecagon16",
			"from": [7.55245, 11.7, 5.75],
			"to": [8.44755, 14.8218, 10.25],
			"rotation": {"angle": 22.5, "axis": "y", "origin": [8, 27.3, 8]},
			"faces": {
				"north": {"uv": [1.75, 8.5, 2, 9.25], "texture": "#0"},
				"east": {"uv": [2.5, 4, 3.75, 4.75], "texture": "#0"},
				"south": {"uv": [2, 8.5, 2.25, 9.25], "texture": "#0"},
				"west": {"uv": [4, 3, 5.25, 3.75], "texture": "#0"},
				"up": {"uv": [2.75, 8.5, 2.5, 7.25], "texture": "#0"},
				"down": {"uv": [3, 7.25, 2.75, 8.5], "texture": "#0"}
			}
		},
		{
			"name": "hexadecagon17",
			"from": [7.55245, 11.7, 5.75],
			"to": [8.44755, 14.8218, 10.25],
			"rotation": {"angle": 45, "axis": "y", "origin": [8, 27.3, 8]},
			"faces": {
				"north": {"uv": [8.5, 2, 8.75, 2.75], "texture": "#0"},
				"east": {"uv": [3.75, 4, 5, 4.75], "texture": "#0"},
				"south": {"uv": [2.25, 8.5, 2.5, 9.25], "texture": "#0"},
				"west": {"uv": [0, 4.75, 1.25, 5.5], "texture": "#0"},
				"up": {"uv": [3.25, 8.5, 3, 7.25], "texture": "#0"},
				"down": {"uv": [3.5, 7.25, 3.25, 8.5], "texture": "#0"}
			}
		},
		{
			"name": "hexadecagon18",
			"from": [5.75, 11.7, 7.55245],
			"to": [10.25, 14.8218, 8.44755],
			"rotation": {"angle": -22.5, "axis": "y", "origin": [8, 27.3, 8]},
			"faces": {
				"north": {"uv": [1.25, 4.75, 2.5, 5.5], "texture": "#0"},
				"east": {"uv": [2.5, 8.5, 2.75, 9.25], "texture": "#0"},
				"south": {"uv": [2.5, 4.75, 3.75, 5.5], "texture": "#0"},
				"west": {"uv": [2.75, 8.5, 3, 9.25], "texture": "#0"},
				"up": {"uv": [8.25, 4.75, 7, 4.5], "texture": "#0"},
				"down": {"uv": [5.75, 7.25, 4.5, 7.5], "texture": "#0"}
			}
		},
		{
			"name": "hexadecagon19",
			"from": [5.75, 11.7, 7.55245],
			"to": [10.25, 14.8218, 8.44755],
			"rotation": {"angle": 0, "axis": "y", "origin": [8, 27.3, 8]},
			"faces": {
				"north": {"uv": [3.75, 4.75, 5, 5.5], "texture": "#0"},
				"east": {"uv": [3, 8.5, 3.25, 9.25], "texture": "#0"},
				"south": {"uv": [5, 3.75, 6.25, 4.5], "texture": "#0"},
				"west": {"uv": [3.25, 8.5, 3.5, 9.25], "texture": "#0"},
				"up": {"uv": [8.5, 7, 7.25, 6.75], "texture": "#0"},
				"down": {"uv": [8.5, 7, 7.25, 7.25], "texture": "#0"}
			}
		},
		{
			"name": "hexadecagon20",
			"from": [5.75, 11.7, 7.55245],
			"to": [10.25, 14.8218, 8.44755],
			"rotation": {"angle": 22.5, "axis": "y", "origin": [8, 27.3, 8]},
			"faces": {
				"north": {"uv": [5, 4.5, 6.25, 5.25], "texture": "#0"},
				"east": {"uv": [8.5, 3.75, 8.75, 4.5], "texture": "#0"},
				"south": {"uv": [5.25, 0, 6.5, 0.75], "texture": "#0"},
				"west": {"uv": [8.5, 4.5, 8.75, 5.25], "texture": "#0"},
				"up": {"uv": [8.5, 7.5, 7.25, 7.25], "texture": "#0"},
				"down": {"uv": [5.75, 7.5, 4.5, 7.75], "texture": "#0"}
			}
		},
		{
			"name": "hexadecagon21",
			"from": [7.60218, 11.3, 6],
			"to": [8.39782, 15.1714, 10],
			"rotation": {"angle": -45, "axis": "y", "origin": [8, 7.9, 8]},
			"faces": {
				"north": {"uv": [3.5, 7.25, 3.75, 8.25], "texture": "#0"},
				"east": {"uv": [0, 0, 1, 1], "texture": "#0"},
				"south": {"uv": [5.75, 7.25, 6, 8.25], "texture": "#0"},
				"west": {"uv": [0, 1, 1, 2], "texture": "#0"},
				"up": {"uv": [6.25, 8.25, 6, 7.25], "texture": "#0"},
				"down": {"uv": [6.5, 7.25, 6.25, 8.25], "texture": "#0"}
			}
		},
		{
			"name": "hexadecagon22",
			"from": [7.60218, 11.3, 6],
			"to": [8.39782, 15.1714, 10],
			"rotation": {"angle": -22.5, "axis": "y", "origin": [8, 7.9, 8]},
			"faces": {
				"north": {"uv": [7.25, 7.5, 7.5, 8.5], "texture": "#0"},
				"east": {"uv": [1, 0, 2, 1], "texture": "#0"},
				"south": {"uv": [7.5, 7.5, 7.75, 8.5], "texture": "#0"},
				"west": {"uv": [1, 1, 2, 2], "texture": "#0"},
				"up": {"uv": [4, 8.75, 3.75, 7.75], "texture": "#0"},
				"down": {"uv": [4.25, 7.75, 4, 8.75], "texture": "#0"}
			}
		},
		{
			"name": "hexadecagon23",
			"from": [7.60218, 11.3, 6],
			"to": [8.39782, 15.1714, 10],
			"rotation": {"angle": 0, "axis": "y", "origin": [8, 7.9, 8]},
			"faces": {
				"north": {"uv": [4.25, 7.75, 4.5, 8.75], "texture": "#0"},
				"east": {"uv": [0, 2, 1, 3], "texture": "#0"},
				"south": {"uv": [4.5, 7.75, 4.75, 8.75], "texture": "#0"},
				"west": {"uv": [2, 0, 3, 1], "texture": "#0"},
				"up": {"uv": [5, 8.75, 4.75, 7.75], "texture": "#0"},
				"down": {"uv": [8, 4.75, 7.75, 5.75], "texture": "#0"}
			}
		},
		{
			"name": "hexadecagon24",
			"from": [7.60218, 11.3, 6],
			"to": [8.39782, 15.1714, 10],
			"rotation": {"angle": 22.5, "axis": "y", "origin": [8, 7.9, 8]},
			"faces": {
				"north": {"uv": [5, 7.75, 5.25, 8.75], "texture": "#0"},
				"east": {"uv": [1, 2, 2, 3], "texture": "#0"},
				"south": {"uv": [5.25, 7.75, 5.5, 8.75], "texture": "#0"},
				"west": {"uv": [2, 1, 3, 2], "texture": "#0"},
				"up": {"uv": [5.75, 8.75, 5.5, 7.75], "texture": "#0"},
				"down": {"uv": [8, 5.75, 7.75, 6.75], "texture": "#0"}
			}
		},
		{
			"name": "hexadecagon25",
			"from": [7.60218, 11.3, 6],
			"to": [8.39782, 15.1714, 10],
			"rotation": {"angle": 45, "axis": "y", "origin": [8, 7.9, 8]},
			"faces": {
				"north": {"uv": [7.75, 7.5, 8, 8.5], "texture": "#0"},
				"east": {"uv": [2, 2, 3, 3], "texture": "#0"},
				"south": {"uv": [8, 0, 8.25, 1], "texture": "#0"},
				"west": {"uv": [0, 3, 1, 4], "texture": "#0"},
				"up": {"uv": [8.25, 2, 8, 1], "texture": "#0"},
				"down": {"uv": [8.25, 2, 8, 3], "texture": "#0"}
			}
		},
		{
			"name": "hexadecagon26",
			"from": [6, 11.3, 7.60218],
			"to": [10, 15.1714, 8.39782],
			"rotation": {"angle": -22.5, "axis": "y", "origin": [8, 7.9, 8]},
			"faces": {
				"north": {"uv": [3, 0, 4, 1], "texture": "#0"},
				"east": {"uv": [8, 4.75, 8.25, 5.75], "texture": "#0"},
				"south": {"uv": [1, 3, 2, 4], "texture": "#0"},
				"west": {"uv": [8, 5.75, 8.25, 6.75], "texture": "#0"},
				"up": {"uv": [5, 4, 4, 3.75], "texture": "#0"},
				"down": {"uv": [9, 3, 8, 3.25], "texture": "#0"}
			}
		},
		{
			"name": "hexadecagon27",
			"from": [6, 11.3, 7.60218],
			"to": [10, 15.1714, 8.39782],
			"rotation": {"angle": 0, "axis": "y", "origin": [8, 7.9, 8]},
			"faces": {
				"north": {"uv": [3, 1, 4, 2], "texture": "#0"},
				"east": {"uv": [6.5, 8, 6.75, 9], "texture": "#0"},
				"south": {"uv": [2, 3, 3, 4], "texture": "#0"},
				"west": {"uv": [6.75, 8, 7, 9], "texture": "#0"},
				"up": {"uv": [9, 3.5, 8, 3.25], "texture": "#0"},
				"down": {"uv": [9, 3.5, 8, 3.75], "texture": "#0"}
			}
		},
		{
			"name": "hexadecagon28",
			"from": [6, 11.3, 7.60218],
			"to": [10, 15.1714, 8.39782],
			"rotation": {"angle": 22.5, "axis": "y", "origin": [8, 7.9, 8]},
			"faces": {
				"north": {"uv": [3, 2, 4, 3], "texture": "#0"},
				"east": {"uv": [7, 8, 7.25, 9], "texture": "#0"},
				"south": {"uv": [3, 3, 4, 4], "texture": "#0"},
				"west": {"uv": [8, 7.5, 8.25, 8.5], "texture": "#0"},
				"up": {"uv": [1, 8.5, 0, 8.25], "texture": "#0"},
				"down": {"uv": [9.25, 0, 8.25, 0.25], "texture": "#0"}
			}
		},
		{
			"name": "hexadecagon29",
			"from": [7.67179, 11, 6.35],
			"to": [8.32821, 15.4524, 9.65],
			"rotation": {"angle": -45, "axis": "y", "origin": [8, 18.7, 8]},
			"faces": {
				"north": {"uv": [8.25, 0.25, 8.5, 1.25], "texture": "#0"},
				"east": {"uv": [5.25, 0.75, 6, 1.75], "texture": "#0"},
				"south": {"uv": [1, 8.25, 1.25, 9.25], "texture": "#0"},
				"west": {"uv": [5.25, 1.75, 6, 2.75], "texture": "#0"},
				"up": {"uv": [8.75, 6, 8.5, 5.25], "texture": "#0"},
				"down": {"uv": [8.75, 6, 8.5, 6.75], "texture": "#0"}
			}
		},
		{
			"name": "hexadecagon30",
			"from": [7.67179, 11, 6.35],
			"to": [8.32821, 15.4524, 9.65],
			"rotation": {"angle": -22.5, "axis": "y", "origin": [8, 18.7, 8]},
			"faces": {
				"north": {"uv": [8.25, 1.25, 8.5, 2.25], "texture": "#0"},
				"east": {"uv": [5.25, 2.75, 6, 3.75], "texture": "#0"},
				"south": {"uv": [3.5, 8.25, 3.75, 9.25], "texture": "#0"},
				"west": {"uv": [5, 5.25, 5.75, 6.25], "texture": "#0"},
				"up": {"uv": [8.75, 7.5, 8.5, 6.75], "texture": "#0"},
				"down": {"uv": [7.5, 8.5, 7.25, 9.25], "texture": "#0"}
			}
		},
		{
			"name": "hexadecagon31",
			"from": [7.67179, 11, 6.35],
			"to": [8.32821, 15.4524, 9.65],
			"rotation": {"angle": 0, "axis": "y", "origin": [8, 18.7, 8]},
			"faces": {
				"north": {"uv": [8.25, 3.75, 8.5, 4.75], "texture": "#0"},
				"east": {"uv": [0, 5.5, 0.75, 6.5], "texture": "#0"},
				"south": {"uv": [8.25, 4.75, 8.5, 5.75], "texture": "#0"},
				"west": {"uv": [0.75, 5.5, 1.5, 6.5], "texture": "#0"},
				"up": {"uv": [7.75, 9.25, 7.5, 8.5], "texture": "#0"},
				"down": {"uv": [8.75, 7.5, 8.5, 8.25], "texture": "#0"}
			}
		},
		{
			"name": "hexadecagon32",
			"from": [7.67179, 11, 6.35],
			"to": [8.32821, 15.4524, 9.65],
			"rotation": {"angle": 22.5, "axis": "y", "origin": [8, 18.7, 8]},
			"faces": {
				"north": {"uv": [5.75, 8.25, 6, 9.25], "texture": "#0"},
				"east": {"uv": [1.5, 5.5, 2.25, 6.5], "texture": "#0"},
				"south": {"uv": [8.25, 5.75, 8.5, 6.75], "texture": "#0"},
				"west": {"uv": [2.25, 5.5, 3, 6.5], "texture": "#0"},
				"up": {"uv": [8, 9.25, 7.75, 8.5], "texture": "#0"},
				"down": {"uv": [8.25, 8.5, 8, 9.25], "texture": "#0"}
			}
		},
		{
			"name": "hexadecagon33",
			"from": [7.67179, 11, 6.35],
			"to": [8.32821, 15.4524, 9.65],
			"rotation": {"angle": 45, "axis": "y", "origin": [8, 18.7, 8]},
			"faces": {
				"north": {"uv": [6, 8.25, 6.25, 9.25], "texture": "#0"},
				"east": {"uv": [3, 5.5, 3.75, 6.5], "texture": "#0"},
				"south": {"uv": [6.25, 8.25, 6.5, 9.25], "texture": "#0"},
				"west": {"uv": [3.75, 5.5, 4.5, 6.5], "texture": "#0"},
				"up": {"uv": [8.5, 9.25, 8.25, 8.5], "texture": "#0"},
				"down": {"uv": [8.75, 8.25, 8.5, 9], "texture": "#0"}
			}
		},
		{
			"name": "hexadecagon34",
			"from": [6.35, 11, 7.67179],
			"to": [9.65, 15.4524, 8.32821],
			"rotation": {"angle": -22.5, "axis": "y", "origin": [8, 18.7, 8]},
			"faces": {
				"north": {"uv": [5.75, 5.25, 6.5, 6.25], "texture": "#0"},
				"east": {"uv": [8.25, 7.5, 8.5, 8.5], "texture": "#0"},
				"south": {"uv": [6, 0.75, 6.75, 1.75], "texture": "#0"},
				"west": {"uv": [0, 8.5, 0.25, 9.5], "texture": "#0"},
				"up": {"uv": [9.25, 3, 8.5, 2.75], "texture": "#0"},
				"down": {"uv": [9.5, 0.25, 8.75, 0.5], "texture": "#0"}
			}
		},
		{
			"name": "hexadecagon35",
			"from": [6.35, 11, 7.67179],
			"to": [9.65, 15.4524, 8.32821],
			"rotation": {"angle": 0, "axis": "y", "origin": [8, 18.7, 8]},
			"faces": {
				"north": {"uv": [6, 1.75, 6.75, 2.75], "texture": "#0"},
				"east": {"uv": [0.25, 8.5, 0.5, 9.5], "texture": "#0"},
				"south": {"uv": [6, 2.75, 6.75, 3.75], "texture": "#0"},
				"west": {"uv": [8.5, 0.25, 8.75, 1.25], "texture": "#0"},
				"up": {"uv": [9.5, 0.75, 8.75, 0.5], "texture": "#0"},
				"down": {"uv": [9.5, 0.75, 8.75, 1], "texture": "#0"}
			}
		},
		{
			"name": "hexadecagon36",
			"from": [6.35, 11, 7.67179],
			"to": [9.65, 15.4524, 8.32821],
			"rotation": {"angle": 22.5, "axis": "y", "origin": [8, 18.7, 8]},
			"faces": {
				"north": {"uv": [6.25, 3.75, 7, 4.75], "texture": "#0"},
				"east": {"uv": [0.5, 8.5, 0.75, 9.5], "texture": "#0"},
				"south": {"uv": [4.5, 6.25, 5.25, 7.25], "texture": "#0"},
				"west": {"uv": [0.75, 8.5, 1, 9.5], "texture": "#0"},
				"up": {"uv": [9.5, 1.25, 8.75, 1], "texture": "#0"},
				"down": {"uv": [9.5, 1.25, 8.75, 1.5], "texture": "#0"}
			}
		}
	],
	"display": {
		"thirdperson_righthand": {
			"rotation": [15.5, 0, 0],
			"translation": [0, -6.5, -3.75]
		},
		"thirdperson_lefthand": {
			"rotation": [61.75, -324.75, 0],
			"translation": [-4.75, -2.25, 12.5]
		},
		"firstperson_righthand": {
			"rotation": [-8.5, 0, 0],
			"translation": [0, -2.5, 1]
		},
		"firstperson_lefthand": {
			"translation": [-9, 3, 10]
		},
		"ground": {
			"translation": [0, -5.75, 0]
		},
		"gui": {
			"rotation": [0, 0, -24.25],
			"translation": [-4.5, -9.25, 0],
			"scale": [1.875, 2.11914, 1]
		},
		"head": {
			"translation": [0, -23.75, 0],
			"scale": [2.5, 2.5, 2.5]
		},
		"fixed": {
			"rotation": [0, 0, 16.5],
			"translation": [1, -2, -2.1]
		}
	},
	"groups": [
		{
			"name": "Bravery Bomb",
			"origin": [8, 8, 8],
			"color": 0,
			"children": [
				{
					"name": "hexadecagon1",
					"origin": [8, 8, 8],
					"color": 0,
					"children": [0, 1, 2, 3, 4, 5, 6, 7]
				},
				{
					"name": "hexadecagon2",
					"origin": [8, 8, 8],
					"color": 0,
					"children": [8, 9, 10, 11, 12, 13, 14, 15]
				},
				{
					"name": "hexadecagon3",
					"origin": [8, 8, 8],
					"color": 0,
					"children": [16, 17, 18, 19, 20, 21, 22, 23]
				},
				{
					"name": "hexadecagon4",
					"origin": [8, 8, 8],
					"color": 0,
					"children": [24, 25, 26, 27, 28, 29, 30, 31]
				}
			]
		}
	]
}