{
    "parent": "minecraft:item/generated",
    "overrides": [
    {
        "model": "apicolor:item/shears_quartz_trim",
        "predicate": {
        "trim_type": 0.1
        }
    },
    {
        "model": "apicolor:item/shears_iron_trim",
        "predicate": {
        "trim_type": 0.2
        }
    },
    {
        "model": "apicolor:item/shears_netherite_trim",
        "predicate": {
        "trim_type": 0.3
        }
    },
    {
        "model": "apicolor:item/shears_redstone_trim",
        "predicate": {
        "trim_type": 0.4
        }
    },
    {
        "model": "apicolor:item/shears_copper_trim",
        "predicate": {
        "trim_type": 0.5
        }
    },
    {
        "model": "apicolor:item/shears_gold_trim",
        "predicate": {
        "trim_type": 0.6
        }
    },
    {
        "model": "apicolor:item/shears_emerald_trim",
        "predicate": {
        "trim_type": 0.7
        }
    },
    {
        "model": "apicolor:item/shears_diamond_trim",
        "predicate": {
        "trim_type": 0.8
        }
    },
    {
        "model": "apicolor:item/shears_lapis_trim",
        "predicate": {
        "trim_type": 0.9
        }
    },
    {
        "model": "apicolor:item/shears_amethyst_trim",
        "predicate": {
        "trim_type": 1.0
        }
    },
    { "predicate": { "custom_model_data":99000}, "model": "item/defusal/defuse_kit" },
	{ "predicate": { "custom_model_data":99001}, "model": "item/defusal/standard_defuse" }
    
    ],
    "textures": {
    "layer0": "minecraft:item/shears"
    }
    }