{
	"credit": "Made with Blockbench",
	"texture_size": [32, 32],
	"textures": {
		"0": "apicolor:item/asword",
		"1": "apicolor:item/asword2",
		"2": "apicolor:item/aswordparticle",
		"3": "apicolor:item/aswordparticle2",
		"particle": "apicolor:item/asword"
	},
	"elements": [
		{
			"from": [7, 0, 7],
			"to": [9, 19, 9],
			"rotation": {"angle": 0, "axis": "z", "origin": [8, 2, 8]},
			"faces": {
				"north": {"uv": [15, 0, 16, 9.5], "texture": "#0"},
				"east": {"uv": [12, 0, 13, 9.5], "texture": "#0"},
				"south": {"uv": [13, 0, 14, 9.5], "texture": "#0"},
				"west": {"uv": [14, 0, 15, 9.5], "texture": "#0"},
				"up": {"uv": [13, 6.5, 12, 5.5], "texture": "#0"},
				"down": {"uv": [13, 6.5, 12, 7.5], "texture": "#0"}
			}
		},
		{
			"from": [7, 4, 6.5],
			"to": [9, 5, 7],
			"rotation": {"angle": 0, "axis": "y", "origin": [8, 2, 6]},
			"faces": {
				"north": {"uv": [8, 1, 9, 1.5], "texture": "#0"},
				"east": {"uv": [9, 9, 9.5, 9.5], "texture": "#0"},
				"south": {"uv": [8, 1.5, 9, 2], "texture": "#0"},
				"west": {"uv": [0, 9.5, 0.5, 10], "texture": "#0"},
				"up": {"uv": [9, 2.5, 8, 2], "texture": "#0"},
				"down": {"uv": [9, 2.5, 8, 3], "texture": "#0"}
			}
		},
		{
			"from": [9, 4, 7],
			"to": [9.5, 5, 9],
			"rotation": {"angle": 0, "axis": "y", "origin": [8, 4.5, 8]},
			"faces": {
				"north": {"uv": [0, 9.5, 0.5, 10], "texture": "#0"},
				"east": {"uv": [8, 1, 9, 1.5], "texture": "#0"},
				"south": {"uv": [9, 9, 9.5, 9.5], "texture": "#0"},
				"west": {"uv": [8, 1.5, 9, 2], "texture": "#0"},
				"up": {"uv": [9, 2.5, 8, 2], "rotation": 90, "texture": "#0"},
				"down": {"uv": [9, 2.5, 8, 3], "rotation": 270, "texture": "#0"}
			}
		},
		{
			"from": [7, 7, 9],
			"to": [9, 8, 9.5],
			"rotation": {"angle": 0, "axis": "y", "origin": [8, 5, 8.5]},
			"faces": {
				"north": {"uv": [8.5, 6.5, 9.5, 7], "texture": "#0"},
				"east": {"uv": [9.5, 1.5, 10, 2], "texture": "#0"},
				"south": {"uv": [8.5, 7, 9.5, 7.5], "texture": "#0"},
				"west": {"uv": [2, 9.5, 2.5, 10], "texture": "#0"},
				"up": {"uv": [9.5, 8, 8.5, 7.5], "texture": "#0"},
				"down": {"uv": [9.5, 8, 8.5, 8.5], "texture": "#0"}
			}
		},
		{
			"from": [6, 5, 9],
			"to": [7, 7, 9.5],
			"rotation": {"angle": 0, "axis": "y", "origin": [6, 4, 8.5]},
			"faces": {
				"north": {"uv": [0, 0, 0.5, 1], "texture": "#0"},
				"east": {"uv": [0, 0, 0.25, 1], "texture": "#0"},
				"south": {"uv": [0, 0, 0.5, 1], "texture": "#0"},
				"west": {"uv": [0, 0, 0.25, 1], "texture": "#0"},
				"up": {"uv": [0, 0, 0.5, 0.25], "texture": "#0"},
				"down": {"uv": [0, 0, 0.5, 0.25], "texture": "#0"}
			}
		},
		{
			"from": [7, 4, 9],
			"to": [9, 5, 9.5],
			"rotation": {"angle": 0, "axis": "y", "origin": [8, 2, 8.5]},
			"faces": {
				"north": {"uv": [5, 8.5, 6, 9], "texture": "#0"},
				"east": {"uv": [9.5, 1, 10, 1.5], "texture": "#0"},
				"south": {"uv": [8.5, 5, 9.5, 5.5], "texture": "#0"},
				"west": {"uv": [1.5, 9.5, 2, 10], "texture": "#0"},
				"up": {"uv": [9.5, 6, 8.5, 5.5], "texture": "#0"},
				"down": {"uv": [9.5, 6, 8.5, 6.5], "texture": "#0"}
			}
		},
		{
			"from": [7, 7, 6.5],
			"to": [9, 8, 7],
			"rotation": {"angle": 0, "axis": "y", "origin": [8, 5, 6]},
			"faces": {
				"north": {"uv": [8, 3, 9, 3.5], "texture": "#0"},
				"east": {"uv": [9.5, 0, 10, 0.5], "texture": "#0"},
				"south": {"uv": [8, 3.5, 9, 4], "texture": "#0"},
				"west": {"uv": [0.5, 9.5, 1, 10], "texture": "#0"},
				"up": {"uv": [9, 4.5, 8, 4], "texture": "#0"},
				"down": {"uv": [9, 4.5, 8, 5], "texture": "#0"}
			}
		},
		{
			"from": [7, 19, 7.5],
			"to": [9, 22, 8.5],
			"rotation": {"angle": 0, "axis": "y", "origin": [8, 2, 8]},
			"faces": {
				"north": {"uv": [4, 4, 5, 6], "texture": "#0"},
				"east": {"uv": [6, 7, 6.5, 9], "texture": "#0"},
				"south": {"uv": [5, 4, 6, 6], "texture": "#0"},
				"west": {"uv": [6.5, 7, 7, 9], "texture": "#0"},
				"up": {"uv": [9, 0.5, 8, 0], "texture": "#0"},
				"down": {"uv": [9, 0.5, 8, 1], "texture": "#0"}
			}
		},
		{
			"from": [6.5, 14, 7.5],
			"to": [7, 19, 8.5],
			"rotation": {"angle": 0, "axis": "y", "origin": [6, 11, 8]},
			"faces": {
				"north": {"uv": [3.25, 1, 3.5, 3.5], "texture": "#0"},
				"east": {"uv": [6.5, 0, 7, 2.5], "texture": "#0"},
				"south": {"uv": [5.25, 0, 5.5, 2.5], "texture": "#0"},
				"west": {"uv": [5.5, 0, 6, 2.5], "texture": "#0"},
				"up": {"uv": [2.75, 1.5, 3, 2], "texture": "#0"},
				"down": {"uv": [2.25, 1.5, 2.5, 2], "texture": "#0"}
			}
		},
		{
			"from": [13, 6, 7],
			"to": [14, 7, 9],
			"rotation": {"angle": 0, "axis": "z", "origin": [9, 7, 12]},
			"faces": {
				"north": {"uv": [6, 9, 6.5, 9.5], "texture": "#0"},
				"east": {"uv": [7, 4, 8, 4.5], "texture": "#0"},
				"south": {"uv": [6.5, 9, 7, 9.5], "texture": "#0"},
				"west": {"uv": [7, 4.5, 8, 5], "texture": "#0"},
				"up": {"uv": [7.5, 8, 7, 7], "texture": "#0"},
				"down": {"uv": [8, 5, 7.5, 6], "texture": "#0"}
			}
		},
		{
			"from": [3, 5, 7],
			"to": [7, 7, 9],
			"rotation": {"angle": 0, "axis": "z", "origin": [7, 5, 12]},
			"faces": {
				"north": {"uv": [2.5, 0, 4.5, 1], "texture": "#0"},
				"east": {"uv": [1, 0, 2, 1], "texture": "#0"},
				"south": {"uv": [2.5, 0, 4.5, 1], "texture": "#0"},
				"west": {"uv": [1, 0, 2, 1], "texture": "#0"},
				"up": {"uv": [2.5, 0, 4.5, 1], "texture": "#0"},
				"down": {"uv": [2.5, 0, 4.5, 1], "texture": "#0"}
			}
		},
		{
			"from": [2, 7, 7],
			"to": [4, 8, 9],
			"rotation": {"angle": 0, "axis": "y", "origin": [7, 7, 12]},
			"faces": {
				"north": {"uv": [2.5, 0, 3.5, 0.5], "texture": "#0"},
				"east": {"uv": [1, 0, 2, 0.5], "texture": "#0"},
				"south": {"uv": [2.5, 0, 3.5, 0.5], "texture": "#0"},
				"west": {"uv": [1, 0, 2, 0.5], "texture": "#0"},
				"up": {"uv": [2.5, 0, 3.5, 1], "texture": "#0"},
				"down": {"uv": [2.5, 0, 3.5, 1], "texture": "#0"}
			}
		},
		{
			"from": [2, 6, 7],
			"to": [3, 7, 9],
			"rotation": {"angle": 0, "axis": "z", "origin": [7, 7, 12]},
			"faces": {
				"north": {"uv": [6.5, 9, 6, 9.5], "texture": "#0"},
				"east": {"uv": [8, 4.5, 7, 5], "texture": "#0"},
				"south": {"uv": [7, 9, 6.5, 9.5], "texture": "#0"},
				"west": {"uv": [8, 4, 7, 4.5], "texture": "#0"},
				"up": {"uv": [7, 8, 7.5, 7], "texture": "#0"},
				"down": {"uv": [7.5, 5, 8, 6], "texture": "#0"}
			}
		},
		{
			"from": [12, 7, 7],
			"to": [14, 8, 9],
			"rotation": {"angle": 0, "axis": "y", "origin": [9, 7, 12]},
			"faces": {
				"north": {"uv": [3.5, 0, 2.5, 0.5], "texture": "#0"},
				"east": {"uv": [2, 0, 1, 0.5], "texture": "#0"},
				"south": {"uv": [3.5, 0, 2.5, 0.5], "texture": "#0"},
				"west": {"uv": [2, 0, 1, 0.5], "texture": "#0"},
				"up": {"uv": [3.5, 0, 2.5, 1], "texture": "#0"},
				"down": {"uv": [3.5, 0, 2.5, 1], "texture": "#0"}
			}
		},
		{
			"from": [9, 5, 7],
			"to": [13, 7, 9],
			"rotation": {"angle": 0, "axis": "z", "origin": [9, 5, 12]},
			"faces": {
				"north": {"uv": [4.5, 0, 2.5, 1], "texture": "#0"},
				"east": {"uv": [2, 0, 1, 1], "texture": "#0"},
				"south": {"uv": [4.5, 0, 2.5, 1], "texture": "#0"},
				"west": {"uv": [2, 0, 1, 1], "texture": "#0"},
				"up": {"uv": [4.5, 0, 2.5, 1], "texture": "#0"},
				"down": {"uv": [4.5, 0, 2.5, 1], "texture": "#0"}
			}
		},
		{
			"from": [9, 7, 7.5],
			"to": [10, 14, 8.5],
			"rotation": {"angle": 0, "axis": "y", "origin": [10, 2, 8]},
			"faces": {
				"north": {"uv": [6, 0, 6.5, 3.5], "texture": "#0"},
				"east": {"uv": [6, 3.5, 6.5, 7], "texture": "#0"},
				"south": {"uv": [4, 6, 4.5, 9.5], "texture": "#0"},
				"west": {"uv": [4.5, 6, 5, 9.5], "texture": "#0"},
				"up": {"uv": [7.5, 9.5, 7, 9], "texture": "#0"},
				"down": {"uv": [8, 9, 7.5, 9.5], "texture": "#0"}
			}
		},
		{
			"from": [9, 14, 7.5],
			"to": [9.5, 19, 8.5],
			"rotation": {"angle": 0, "axis": "y", "origin": [10, 11, 8]},
			"faces": {
				"north": {"uv": [3.5, 1, 3.25, 3.5], "texture": "#0"},
				"east": {"uv": [6, 0, 5.5, 2.5], "texture": "#0"},
				"south": {"uv": [5.5, 0, 5.25, 2.5], "texture": "#0"},
				"west": {"uv": [7, 0, 6.5, 2.5], "texture": "#0"},
				"up": {"uv": [3, 1.5, 2.75, 2], "texture": "#0"},
				"down": {"uv": [2.5, 1.5, 2.25, 2], "texture": "#0"}
			}
		},
		{
			"from": [6, 7, 7.5],
			"to": [7, 14, 8.5],
			"rotation": {"angle": 0, "axis": "y", "origin": [6, 2, 8]},
			"faces": {
				"north": {"uv": [6.5, 0, 6, 3.5], "texture": "#0"},
				"east": {"uv": [5, 6, 4.5, 9.5], "texture": "#0"},
				"south": {"uv": [4.5, 6, 4, 9.5], "texture": "#0"},
				"west": {"uv": [6.5, 3.5, 6, 7], "texture": "#0"},
				"up": {"uv": [7, 9.5, 7.5, 9], "texture": "#0"},
				"down": {"uv": [7.5, 9, 8, 9.5], "texture": "#0"}
			}
		},
		{
			"from": [9, 5, 6.5],
			"to": [10, 7, 7],
			"rotation": {"angle": 0, "axis": "y", "origin": [10, 4, 6]},
			"faces": {
				"north": {"uv": [9, 3, 9.5, 4], "texture": "#0"},
				"east": {"uv": [9, 4, 9.5, 5], "texture": "#0"},
				"south": {"uv": [5, 9, 5.5, 10], "texture": "#0"},
				"west": {"uv": [5.5, 9, 6, 10], "texture": "#0"},
				"up": {"uv": [10, 3, 9.5, 2.5], "texture": "#0"},
				"down": {"uv": [3.5, 9.5, 3, 10], "texture": "#0"}
			}
		},
		{
			"from": [7.25, 5.25, 9],
			"to": [8.75, 6.75, 9.75],
			"rotation": {"angle": -45, "axis": "z", "origin": [8, 6, 9.5]},
			"faces": {
				"north": {"uv": [4.5, 11.55, 3.75, 12.3], "texture": "#0"},
				"east": {"uv": [3.5, 12.55, 3.125, 13.3], "texture": "#0"},
				"south": {"uv": [3.5, 11.5, 2.75, 12.25], "texture": "#0"},
				"west": {"uv": [4, 12.55, 3.625, 13.3], "texture": "#0"},
				"up": {"uv": [3.5, 13.55, 2.75, 13.925], "texture": "#0"},
				"down": {"uv": [5, 13.05, 4.25, 13.425], "texture": "#0"}
			}
		},
		{
			"from": [7.25, 5.25, 6.25],
			"to": [8.75, 6.75, 7],
			"rotation": {"angle": -45, "axis": "z", "origin": [8, 6, 6.625]},
			"faces": {
				"north": {"uv": [3.5, 11.5, 2.75, 12.25], "rotation": 90, "texture": "#0"},
				"east": {"uv": [5, 13.05, 4.25, 13.425], "rotation": 90, "texture": "#0"},
				"south": {"uv": [4.5, 11.55, 3.75, 12.3], "rotation": 270, "texture": "#0"},
				"west": {"uv": [3.5, 13.55, 2.75, 13.925], "rotation": 90, "texture": "#0"},
				"up": {"uv": [4, 12.55, 3.625, 13.3], "rotation": 270, "texture": "#0"},
				"down": {"uv": [3.5, 12.55, 3.125, 13.3], "rotation": 270, "texture": "#0"}
			}
		},
		{
			"from": [6, 5, 6.5],
			"to": [7, 7, 7],
			"rotation": {"angle": 0, "axis": "y", "origin": [6, 4, 6]},
			"faces": {
				"north": {"uv": [9.5, 3, 9, 4], "texture": "#0"},
				"east": {"uv": [6, 9, 5.5, 10], "texture": "#0"},
				"south": {"uv": [5.5, 9, 5, 10], "texture": "#0"},
				"west": {"uv": [9.5, 4, 9, 5], "texture": "#0"},
				"up": {"uv": [9.5, 3, 10, 2.5], "texture": "#0"},
				"down": {"uv": [3, 9.5, 3.5, 10], "texture": "#0"}
			}
		},
		{
			"from": [6.5, 4, 7],
			"to": [7, 5, 9],
			"rotation": {"angle": 0, "axis": "y", "origin": [8, 4.5, 8]},
			"faces": {
				"north": {"uv": [0.5, 9.5, 0, 10], "texture": "#0"},
				"east": {"uv": [9, 1.5, 8, 2], "texture": "#0"},
				"south": {"uv": [9.5, 9, 9, 9.5], "texture": "#0"},
				"west": {"uv": [9, 1, 8, 1.5], "texture": "#0"},
				"up": {"uv": [9, 2, 8, 2.5], "rotation": 90, "texture": "#0"},
				"down": {"uv": [9, 3, 8, 2.5], "rotation": 270, "texture": "#0"}
			}
		},
		{
			"from": [9, 5, 9],
			"to": [10, 7, 9.5],
			"rotation": {"angle": 0, "axis": "y", "origin": [10, 4, 8.5]},
			"faces": {
				"north": {"uv": [0.5, 0, 0, 1], "texture": "#0"},
				"east": {"uv": [0.25, 0, 0, 1], "texture": "#0"},
				"south": {"uv": [0.5, 0, 0, 1], "texture": "#0"},
				"west": {"uv": [0.25, 0, 0, 1], "texture": "#0"},
				"up": {"uv": [0.5, 0, 0, 0.25], "texture": "#0"},
				"down": {"uv": [0.5, 0, 0, 0.25], "texture": "#0"}
			}
		},
		{
			"from": [7.25, 5.25, 6.25],
			"to": [8.75, 6.75, 7],
			"rotation": {"angle": 45, "axis": "z", "origin": [8, 6, 6.75]},
			"faces": {
				"north": {"uv": [7.25, 12, 8, 12.75], "texture": "#0"},
				"east": {"uv": [6.625, 11, 7, 11.75], "texture": "#0"},
				"south": {"uv": [8.25, 11.5, 9, 12.25], "texture": "#0"},
				"west": {"uv": [6.625, 12, 7, 12.75], "texture": "#0"},
				"up": {"uv": [7.75, 11, 8.5, 11.375], "texture": "#0"},
				"down": {"uv": [7.25, 11.5, 8, 11.875], "texture": "#0"}
			}
		},
		{
			"from": [7.25, 5.25, 9],
			"to": [8.75, 6.75, 9.75],
			"rotation": {"angle": 45, "axis": "z", "origin": [8, 6, 9.5]},
			"faces": {
				"north": {"uv": [3.75, 11.55, 4.5, 12.3], "texture": "#0"},
				"east": {"uv": [3.625, 12.55, 4, 13.3], "texture": "#0"},
				"south": {"uv": [2.75, 11.5, 3.5, 12.25], "texture": "#0"},
				"west": {"uv": [3.125, 12.55, 3.5, 13.3], "texture": "#0"},
				"up": {"uv": [2.75, 13.55, 3.5, 13.925], "texture": "#0"},
				"down": {"uv": [4.25, 13.05, 5, 13.425], "texture": "#0"}
			}
		},
		{
			"from": [7.25, 5.25, 6.25],
			"to": [8.75, 6.75, 7],
			"rotation": {"angle": 45, "axis": "z", "origin": [8, 6, 6.625]},
			"faces": {
				"north": {"uv": [3.5, 12.25, 2.75, 11.5], "rotation": 90, "texture": "#0"},
				"east": {"uv": [3.5, 13.925, 2.75, 13.55], "rotation": 90, "texture": "#0"},
				"south": {"uv": [4.5, 12.3, 3.75, 11.55], "rotation": 270, "texture": "#0"},
				"west": {"uv": [5, 13.425, 4.25, 13.05], "rotation": 90, "texture": "#0"},
				"up": {"uv": [4, 13.3, 3.625, 12.55], "rotation": 270, "texture": "#0"},
				"down": {"uv": [3.5, 13.3, 3.125, 12.55], "rotation": 270, "texture": "#0"}
			}
		},
		{
			"from": [0, 7, 8],
			"to": [16, 24, 8],
			"rotation": {"angle": 0, "axis": "y", "origin": [7, 0, 7]},
			"faces": {
				"north": {"uv": [0, 0, 8, 8.5], "texture": "#1"},
				"east": {"uv": [0, 0, 0, 11], "texture": "#1"},
				"south": {"uv": [8, 0, 16, 8.5], "texture": "#1"},
				"west": {"uv": [0, 0, 0, 11], "texture": "#1"},
				"up": {"uv": [8, 0, 0, 0], "texture": "#1"},
				"down": {"uv": [8, 0, 0, 0], "texture": "#1"}
			}
		},
		{
			"from": [0, -3, 8],
			"to": [16, 26, 8],
			"rotation": {"angle": 0, "axis": "y", "origin": [7, 0, 7]},
			"faces": {
				"north": {"uv": [8, 0, 16, 14.5], "texture": "#2"},
				"east": {"uv": [0, 0, 0, 14.5], "texture": "#2"},
				"south": {"uv": [8, 0, 16, 14.5], "texture": "#2"},
				"west": {"uv": [0, 0, 0, 14.5], "texture": "#2"},
				"up": {"uv": [8, 0, 0, 0], "texture": "#2"},
				"down": {"uv": [8, 0, 0, 0], "texture": "#2"}
			}
		},
		{
			"from": [1.5, -0.5, 9.5],
			"to": [14.5, 12.5, 9.5],
			"rotation": {"angle": 0, "axis": "y", "origin": [7.5, 4.5, 9.5]},
			"faces": {
				"north": {"uv": [4.5, 4, 10, 9.5], "texture": "#3"},
				"east": {"uv": [0, 0, 0, 4.5], "texture": "#3"},
				"south": {"uv": [4.5, 4, 10, 9.5], "texture": "#3"},
				"west": {"uv": [0, 0, 0, 4.5], "texture": "#3"},
				"up": {"uv": [5, 0, 0, 0], "texture": "#3"},
				"down": {"uv": [5, 0, 0, 0], "texture": "#3"}
			}
		},
		{
			"from": [1.5, -0.5, 6.5],
			"to": [14.5, 12.5, 6.5],
			"rotation": {"angle": 0, "axis": "y", "origin": [6.5, 4.5, 6.5]},
			"faces": {
				"north": {"uv": [4.5, 4, 10, 9.5], "texture": "#3"},
				"east": {"uv": [0, 0, 0, 4.5], "texture": "#3"},
				"south": {"uv": [4.5, 4, 10, 9.5], "texture": "#3"},
				"west": {"uv": [0, 0, 0, 4.5], "texture": "#3"},
				"up": {"uv": [5, 0, 0, 0], "texture": "#3"},
				"down": {"uv": [5, 0, 0, 0], "texture": "#3"}
			}
		}
	],
	"display": {
		"thirdperson_righthand": {
			"rotation": [0, 90, 0],
			"translation": [0, 3.5, 0.25]
		},
		"thirdperson_lefthand": {
			"rotation": [0, -90, 0],
			"translation": [0, 3.5, 0.25]
		},
		"firstperson_righthand": {
			"rotation": [0, -90, 0],
			"translation": [4, 5.25, 0],
			"scale": [0.75, 0.75, 0.75]
		},
		"firstperson_lefthand": {
			"rotation": [0, 90, 0],
			"translation": [-4, 5.25, 0],
			"scale": [0.75, 0.75, 0.75]
		},
		"ground": {
			"rotation": [90, 0, 0],
			"translation": [0, -2.25, 0]
		},
		"gui": {
			"rotation": [-15, 15, 0],
			"translation": [0, -2.5, 0],
			"scale": [0.75, 0.75, 0.75]
		},
		"head": {
			"rotation": [96.5, -90, 0],
			"translation": [0, -15, -5]
		}
	}
}