{
	"credit": "Made with Blockbench",
	"texture_size": [128, 128],
	"textures": {
		"2": "apicolor:item/breeze",
		"particle": "apicolor:item/breeze"
	},
	"elements": [
		{
			"name": "head",
			"from": [3.8, 16.8, 3.8],
			"to": [12.2, 20.2, 12.2],
			"rotation": {"angle": 0, "axis": "y", "origin": [8, 0, 8]},
			"faces": {
				"north": {"uv": [5, 1, 6, 1.375], "texture": "#2"},
				"east": {"uv": [4, 1, 5, 1.375], "texture": "#2"},
				"south": {"uv": [7, 1, 8, 1.375], "texture": "#2"},
				"west": {"uv": [6, 1, 7, 1.375], "texture": "#2"},
				"up": {"uv": [6, 1, 5, 0], "texture": "#2"},
				"down": {"uv": [7, 0, 6, 1], "texture": "#2"}
			}
		},
		{
			"name": "head",
			"from": [4, 15, 4],
			"to": [12, 23, 12],
			"rotation": {"angle": 0, "axis": "y", "origin": [8, 0, 8]},
			"faces": {
				"north": {"uv": [1, 1, 2, 2], "texture": "#2"},
				"east": {"uv": [0, 1, 1, 2], "texture": "#2"},
				"south": {"uv": [3, 1, 4, 2], "texture": "#2"},
				"west": {"uv": [2, 1, 3, 2], "texture": "#2"},
				"up": {"uv": [2, 1, 1, 0], "texture": "#2"},
				"down": {"uv": [3, 0, 2, 1], "texture": "#2"}
			}
		},
		{
			"name": "upperBodyParts2",
			"from": [9, 7, 7],
			"to": [11, 15, 9],
			"rotation": {"angle": -22.5, "axis": "z", "origin": [10, 7, 8]},
			"faces": {
				"north": {"uv": [0.25, 2.25, 0.5, 3.25], "texture": "#2"},
				"east": {"uv": [0, 2.25, 0.25, 3.25], "texture": "#2"},
				"south": {"uv": [0.75, 2.25, 1, 3.25], "texture": "#2"},
				"west": {"uv": [0.5, 2.25, 0.75, 3.25], "texture": "#2"},
				"up": {"uv": [0.5, 2.25, 0.25, 2], "texture": "#2"},
				"down": {"uv": [0.75, 2, 0.5, 2.25], "texture": "#2"}
			}
		},
		{
			"name": "upperBodyParts1",
			"from": [5, 7, 7],
			"to": [7, 15, 9],
			"rotation": {"angle": 22.5, "axis": "z", "origin": [6, 8, 8]},
			"faces": {
				"north": {"uv": [0.25, 2.25, 0.5, 3.25], "texture": "#2"},
				"east": {"uv": [0, 2.25, 0.25, 3.25], "texture": "#2"},
				"south": {"uv": [0.75, 2.25, 1, 3.25], "texture": "#2"},
				"west": {"uv": [0.5, 2.25, 0.75, 3.25], "texture": "#2"},
				"up": {"uv": [0.5, 2.25, 0.25, 2], "texture": "#2"},
				"down": {"uv": [0.75, 2, 0.5, 2.25], "texture": "#2"}
			}
		},
		{
			"name": "upperBodyParts4",
			"from": [7, 7, 5],
			"to": [9, 15, 7],
			"rotation": {"angle": -22.5, "axis": "x", "origin": [8, 8, 6]},
			"faces": {
				"north": {"uv": [0.25, 2.25, 0.5, 3.25], "texture": "#2"},
				"east": {"uv": [0, 2.25, 0.25, 3.25], "texture": "#2"},
				"south": {"uv": [0.75, 2.25, 1, 3.25], "texture": "#2"},
				"west": {"uv": [0.5, 2.25, 0.75, 3.25], "texture": "#2"},
				"up": {"uv": [0.5, 2.25, 0.25, 2], "texture": "#2"},
				"down": {"uv": [0.75, 2, 0.5, 2.25], "texture": "#2"}
			}
		},
		{
			"name": "upperBodyParts3",
			"from": [7, 7, 9],
			"to": [9, 15, 11],
			"rotation": {"angle": 22.5, "axis": "x", "origin": [8, 8, 10]},
			"faces": {
				"north": {"uv": [0.25, 2.25, 0.5, 3.25], "texture": "#2"},
				"east": {"uv": [0, 2.25, 0.25, 3.25], "texture": "#2"},
				"south": {"uv": [0.75, 2.25, 1, 3.25], "texture": "#2"},
				"west": {"uv": [0.5, 2.25, 0.75, 3.25], "texture": "#2"},
				"up": {"uv": [0.5, 2.25, 0.25, 2], "texture": "#2"},
				"down": {"uv": [0.75, 2, 0.5, 2.25], "texture": "#2"}
			}
		},
		{
			"name": "air_large",
			"from": [1, 11, 1],
			"to": [15, 16, 15],
			"rotation": {"angle": 0, "axis": "y", "origin": [8, 0, 8]},
			"faces": {
				"north": {"uv": [1.75, 7.875, 3.5, 8.5], "texture": "#2"},
				"east": {"uv": [0, 7.875, 1.75, 8.5], "texture": "#2"},
				"south": {"uv": [5.25, 7.875, 7, 8.5], "texture": "#2"},
				"west": {"uv": [3.5, 7.875, 5.25, 8.5], "texture": "#2"},
				"up": {"uv": [3.5, 7.875, 1.75, 6.125], "texture": "#2"},
				"down": {"uv": [5.25, 6.125, 3.5, 7.875], "texture": "#2"}
			}
		},
		{
			"name": "air_medium",
			"from": [3, 5, 3],
			"to": [13, 10, 13],
			"rotation": {"angle": 0, "axis": "y", "origin": [8, 0, 8]},
			"faces": {
				"north": {"uv": [1.75, 7.875, 3, 8.5], "texture": "#2"},
				"east": {"uv": [0.5, 7.875, 1.75, 8.5], "texture": "#2"},
				"south": {"uv": [4.25, 7.875, 5.5, 8.5], "texture": "#2"},
				"west": {"uv": [3, 7.875, 4.25, 8.5], "texture": "#2"},
				"up": {"uv": [3, 7.875, 1.75, 6.625], "texture": "#2"},
				"down": {"uv": [4.25, 6.625, 3, 7.875], "texture": "#2"}
			}
		},
		{
			"name": "air_small",
			"from": [5, 2, 5],
			"to": [11, 5, 11],
			"rotation": {"angle": 0, "axis": "y", "origin": [8, 0, 8]},
			"faces": {
				"north": {"uv": [0.75, 5.125, 1.5, 5.5], "texture": "#2"},
				"east": {"uv": [0, 5.125, 0.75, 5.5], "texture": "#2"},
				"south": {"uv": [2.25, 5.125, 3, 5.5], "texture": "#2"},
				"west": {"uv": [1.5, 5.125, 2.25, 5.5], "texture": "#2"},
				"up": {"uv": [1.5, 5.125, 0.75, 4.375], "texture": "#2"},
				"down": {"uv": [2.25, 4.375, 1.5, 5.125], "texture": "#2"}
			}
		},
		{
			"name": "upperBodyParts2",
			"from": [9.92388, 7, 7.38268],
			"to": [11.92388, 15, 9.38268],
			"rotation": {"angle": 22.5, "axis": "y", "origin": [8, 11, 8]},
			"faces": {
				"north": {"uv": [1.25, 2.25, 1.5, 3.25], "texture": "#2"},
				"east": {"uv": [1, 2.25, 1.25, 3.25], "texture": "#2"},
				"south": {"uv": [1.75, 2.25, 2, 3.25], "texture": "#2"},
				"west": {"uv": [1.5, 2.25, 1.75, 3.25], "texture": "#2"},
				"up": {"uv": [1.5, 2.25, 1.25, 2], "texture": "#2"},
				"down": {"uv": [1.75, 2, 1.5, 2.25], "texture": "#2"}
			}
		},
		{
			"name": "upperBodyParts1",
			"from": [4.07612, 7, 6.61732],
			"to": [6.07612, 15, 8.61732],
			"rotation": {"angle": 22.5, "axis": "y", "origin": [8, 11, 8]},
			"faces": {
				"north": {"uv": [1.25, 2.25, 1.5, 3.25], "texture": "#2"},
				"east": {"uv": [1, 2.25, 1.25, 3.25], "texture": "#2"},
				"south": {"uv": [1.75, 2.25, 2, 3.25], "texture": "#2"},
				"west": {"uv": [1.5, 2.25, 1.75, 3.25], "texture": "#2"},
				"up": {"uv": [1.5, 2.25, 1.25, 2], "texture": "#2"},
				"down": {"uv": [1.75, 2, 1.5, 2.25], "texture": "#2"}
			}
		},
		{
			"name": "upperBodyParts4",
			"from": [7.38268, 7, 4.07612],
			"to": [9.38268, 15, 6.07612],
			"rotation": {"angle": 22.5, "axis": "y", "origin": [8, 11, 8]},
			"faces": {
				"north": {"uv": [1.25, 2.25, 1.5, 3.25], "texture": "#2"},
				"east": {"uv": [1, 2.25, 1.25, 3.25], "texture": "#2"},
				"south": {"uv": [1.75, 2.25, 2, 3.25], "texture": "#2"},
				"west": {"uv": [1.5, 2.25, 1.75, 3.25], "texture": "#2"},
				"up": {"uv": [1.5, 2.25, 1.25, 2], "texture": "#2"},
				"down": {"uv": [1.75, 2, 1.5, 2.25], "texture": "#2"}
			}
		},
		{
			"name": "upperBodyParts3",
			"from": [6.61732, 7, 9.92388],
			"to": [8.61732, 15, 11.92388],
			"rotation": {"angle": 22.5, "axis": "y", "origin": [8, 11, 8]},
			"faces": {
				"north": {"uv": [1.25, 2.25, 1.5, 3.25], "texture": "#2"},
				"east": {"uv": [1, 2.25, 1.25, 3.25], "texture": "#2"},
				"south": {"uv": [1.75, 2.25, 2, 3.25], "texture": "#2"},
				"west": {"uv": [1.5, 2.25, 1.75, 3.25], "texture": "#2"},
				"up": {"uv": [1.5, 2.25, 1.25, 2], "texture": "#2"},
				"down": {"uv": [1.75, 2, 1.5, 2.25], "texture": "#2"}
			}
		},
		{
			"name": "upperBodyParts2",
			"from": [9.92388, 7, 7.38268],
			"to": [11.92388, 15, 9.38268],
			"rotation": {"angle": 45, "axis": "y", "origin": [8, 11, 8]},
			"faces": {
				"north": {"uv": [2.25, 2.25, 2.5, 3.25], "texture": "#2"},
				"east": {"uv": [2, 2.25, 2.25, 3.25], "texture": "#2"},
				"south": {"uv": [2.75, 2.25, 3, 3.25], "texture": "#2"},
				"west": {"uv": [2.5, 2.25, 2.75, 3.25], "texture": "#2"},
				"up": {"uv": [2.5, 2.25, 2.25, 2], "texture": "#2"},
				"down": {"uv": [2.75, 2, 2.5, 2.25], "texture": "#2"}
			}
		},
		{
			"name": "upperBodyParts1",
			"from": [4.07612, 7, 6.61732],
			"to": [6.07612, 15, 8.61732],
			"rotation": {"angle": 45, "axis": "y", "origin": [8, 11, 8]},
			"faces": {
				"north": {"uv": [2.25, 2.25, 2.5, 3.25], "texture": "#2"},
				"east": {"uv": [2, 2.25, 2.25, 3.25], "texture": "#2"},
				"south": {"uv": [2.75, 2.25, 3, 3.25], "texture": "#2"},
				"west": {"uv": [2.5, 2.25, 2.75, 3.25], "texture": "#2"},
				"up": {"uv": [2.5, 2.25, 2.25, 2], "texture": "#2"},
				"down": {"uv": [2.75, 2, 2.5, 2.25], "texture": "#2"}
			}
		},
		{
			"name": "upperBodyParts4",
			"from": [7.38268, 7, 4.07612],
			"to": [9.38268, 15, 6.07612],
			"rotation": {"angle": 45, "axis": "y", "origin": [8, 11, 8]},
			"faces": {
				"north": {"uv": [2.25, 2.25, 2.5, 3.25], "texture": "#2"},
				"east": {"uv": [2, 2.25, 2.25, 3.25], "texture": "#2"},
				"south": {"uv": [2.75, 2.25, 3, 3.25], "texture": "#2"},
				"west": {"uv": [2.5, 2.25, 2.75, 3.25], "texture": "#2"},
				"up": {"uv": [2.5, 2.25, 2.25, 2], "texture": "#2"},
				"down": {"uv": [2.75, 2, 2.5, 2.25], "texture": "#2"}
			}
		},
		{
			"name": "upperBodyParts3",
			"from": [6.61732, 7, 9.92388],
			"to": [8.61732, 15, 11.92388],
			"rotation": {"angle": 45, "axis": "y", "origin": [8, 11, 8]},
			"faces": {
				"north": {"uv": [2.25, 2.25, 2.5, 3.25], "texture": "#2"},
				"east": {"uv": [2, 2.25, 2.25, 3.25], "texture": "#2"},
				"south": {"uv": [2.75, 2.25, 3, 3.25], "texture": "#2"},
				"west": {"uv": [2.5, 2.25, 2.75, 3.25], "texture": "#2"},
				"up": {"uv": [2.5, 2.25, 2.25, 2], "texture": "#2"},
				"down": {"uv": [2.75, 2, 2.5, 2.25], "texture": "#2"}
			}
		},
		{
			"name": "upperBodyParts2",
			"from": [7.38268, 7, 4.07612],
			"to": [9.38268, 15, 6.07612],
			"rotation": {"angle": -22.5, "axis": "y", "origin": [8, 11, 8]},
			"faces": {
				"north": {"uv": [3.25, 2.25, 3.5, 3.25], "texture": "#2"},
				"east": {"uv": [3, 2.25, 3.25, 3.25], "texture": "#2"},
				"south": {"uv": [3.75, 2.25, 4, 3.25], "texture": "#2"},
				"west": {"uv": [3.5, 2.25, 3.75, 3.25], "texture": "#2"},
				"up": {"uv": [3.5, 2.25, 3.25, 2], "texture": "#2"},
				"down": {"uv": [3.75, 2, 3.5, 2.25], "texture": "#2"}
			}
		},
		{
			"name": "upperBodyParts1",
			"from": [6.61732, 7, 9.92388],
			"to": [8.61732, 15, 11.92388],
			"rotation": {"angle": -22.5, "axis": "y", "origin": [8, 11, 8]},
			"faces": {
				"north": {"uv": [3.25, 2.25, 3.5, 3.25], "texture": "#2"},
				"east": {"uv": [3, 2.25, 3.25, 3.25], "texture": "#2"},
				"south": {"uv": [3.75, 2.25, 4, 3.25], "texture": "#2"},
				"west": {"uv": [3.5, 2.25, 3.75, 3.25], "texture": "#2"},
				"up": {"uv": [3.5, 2.25, 3.25, 2], "texture": "#2"},
				"down": {"uv": [3.75, 2, 3.5, 2.25], "texture": "#2"}
			}
		},
		{
			"name": "upperBodyParts4",
			"from": [4.07612, 7, 6.61732],
			"to": [6.07612, 15, 8.61732],
			"rotation": {"angle": -22.5, "axis": "y", "origin": [8, 11, 8]},
			"faces": {
				"north": {"uv": [3.25, 2.25, 3.5, 3.25], "texture": "#2"},
				"east": {"uv": [3, 2.25, 3.25, 3.25], "texture": "#2"},
				"south": {"uv": [3.75, 2.25, 4, 3.25], "texture": "#2"},
				"west": {"uv": [3.5, 2.25, 3.75, 3.25], "texture": "#2"},
				"up": {"uv": [3.5, 2.25, 3.25, 2], "texture": "#2"},
				"down": {"uv": [3.75, 2, 3.5, 2.25], "texture": "#2"}
			}
		},
		{
			"name": "upperBodyParts3",
			"from": [9.92388, 7, 7.38268],
			"to": [11.92388, 15, 9.38268],
			"rotation": {"angle": -22.5, "axis": "y", "origin": [8, 11, 8]},
			"faces": {
				"north": {"uv": [3.25, 2.25, 3.5, 3.25], "texture": "#2"},
				"east": {"uv": [3, 2.25, 3.25, 3.25], "texture": "#2"},
				"south": {"uv": [3.75, 2.25, 4, 3.25], "texture": "#2"},
				"west": {"uv": [3.5, 2.25, 3.75, 3.25], "texture": "#2"},
				"up": {"uv": [3.5, 2.25, 3.25, 2], "texture": "#2"},
				"down": {"uv": [3.75, 2, 3.5, 2.25], "texture": "#2"}
			}
		}
	],
	"display": {
		"thirdperson_righthand": {
			"rotation": [68, 0, 0]
		},
		"thirdperson_lefthand": {
			"rotation": [68, 0, 0]
		},
		"gui": {
			"translation": [0, -4.25, 0]
		},
		"head": {
			"translation": [0, -27.2, 0],
			"scale": [2, 2, 2]
		},
		"fixed": {
			"translation": [0, -5.25, 0]
		}
	},
	"groups": [
		{
			"name": "head",
			"origin": [8, 16, 8],
			"color": 7,
			"children": [0, 1]
		},
		{
			"name": "upperBodyParts1",
			"origin": [6, 7, 8],
			"color": 3,
			"children": [2, 3, 4, 5]
		},
		{
			"name": "air_layer",
			"origin": [8, 18, 8],
			"color": 8,
			"children": [6, 7, 8]
		},
		{
			"name": "upperBodyParts2",
			"origin": [6, 7, 8],
			"color": 3,
			"children": [9, 10, 11, 12]
		},
		{
			"name": "upperBodyParts3",
			"origin": [6, 7, 8],
			"color": 3,
			"children": [13, 14, 15, 16]
		},
		{
			"name": "upperBodyParts4",
			"origin": [6, 7, 8],
			"color": 3,
			"children": [17, 18, 19, 20]
		}
	]
}