{
	"credit": "Made with Blockbench",
	"texture_size": [128, 128],
	"textures": {
		"2": "apicolor:item/breeze",
		"particle": "apicolor:item/breeze"
	},
	"elements": [
		{
			"name": "head",
			"from": [3.8, 16.8, 3.8],
			"to": [12.2, 20.2, 12.2],
			"rotation": {"angle": 0, "axis": "y", "origin": [8, 0, 8]},
			"faces": {
				"north": {"uv": [5, 1, 6, 1.375], "texture": "#2"},
				"east": {"uv": [4, 1, 5, 1.375], "texture": "#2"},
				"south": {"uv": [7, 1, 8, 1.375], "texture": "#2"},
				"west": {"uv": [6, 1, 7, 1.375], "texture": "#2"},
				"up": {"uv": [6, 1, 5, 0], "texture": "#2"},
				"down": {"uv": [7, 0, 6, 1], "texture": "#2"}
			}
		},
		{
			"name": "head",
			"from": [4, 15, 4],
			"to": [12, 23, 12],
			"rotation": {"angle": 0, "axis": "y", "origin": [8, 0, 8]},
			"faces": {
				"north": {"uv": [1, 1, 2, 2], "texture": "#2"},
				"east": {"uv": [0, 1, 1, 2], "texture": "#2"},
				"south": {"uv": [3, 1, 4, 2], "texture": "#2"},
				"west": {"uv": [2, 1, 3, 2], "texture": "#2"},
				"up": {"uv": [2, 1, 1, 0], "texture": "#2"},
				"down": {"uv": [3, 0, 2, 1], "texture": "#2"}
			}
		}
	],
	"display": {
		"thirdperson_righthand": {
			"rotation": [68, 0, 0]
		},
		"thirdperson_lefthand": {
			"rotation": [68, 0, 0]
		},
		"gui": {
			"translation": [0, -4.25, 0]
		},
		"head": {
			"translation": [0, -35.2, 0],
			"scale": [2, 2, 2]
		},
		"fixed": {
			"translation": [0, -5.25, 0]
		}
	},
	"groups": [
		{
			"name": "head",
			"origin": [8, 16, 8],
			"color": 7,
			"children": [0, 1]
		}
	]
}