{
	"credit": "Made with Blockbench",
	"textures": {
		"0": "apicolor:item/key",
		"particle": "apicolor:item/key"
	},
	"elements": [
		{
			"from": [7, 2, 1],
			"to": [9, 4, 7],
			"rotation": {"angle": 0, "axis": "y", "origin": [7, 2, 5]},
			"faces": {
				"north": {"uv": [10, 10, 12, 12], "texture": "#0"},
				"east": {"uv": [0, 0, 8, 2], "texture": "#0"},
				"south": {"uv": [0, 12, 2, 14], "texture": "#0"},
				"west": {"uv": [0, 2, 8, 4], "texture": "#0"},
				"up": {"uv": [8, 3, 0, 1], "texture": "#0"},
				"down": {"uv": [8, 0, 0, 2], "texture": "#0"}
			}
		},
		{
			"from": [5.5, 2.5, 2],
			"to": [7, 3.5, 3],
			"rotation": {"angle": 0, "axis": "y", "origin": [5, 1.5, 5]},
			"faces": {
				"north": {"uv": [14, 5, 16, 6], "texture": "#0"},
				"east": {"uv": [9, 14, 10, 15], "texture": "#0"},
				"south": {"uv": [6, 14, 8, 15], "texture": "#0"},
				"west": {"uv": [14, 9, 15, 10], "texture": "#0"},
				"up": {"uv": [16, 7, 14, 6], "texture": "#0"},
				"down": {"uv": [16, 7, 14, 8], "texture": "#0"}
			}
		},
		{
			"from": [5.5, 2.5, 4],
			"to": [7, 3.5, 5],
			"rotation": {"angle": 0, "axis": "y", "origin": [5, 1.5, 7]},
			"faces": {
				"north": {"uv": [14, 2, 16, 3], "texture": "#0"},
				"east": {"uv": [8, 14, 9, 15], "texture": "#0"},
				"south": {"uv": [14, 3, 16, 4], "texture": "#0"},
				"west": {"uv": [14, 8, 15, 9], "texture": "#0"},
				"up": {"uv": [6, 15, 4, 14], "texture": "#0"},
				"down": {"uv": [16, 4, 14, 5], "texture": "#0"}
			}
		},
		{
			"from": [6, 2.5, 8],
			"to": [11, 3.5, 9],
			"rotation": {"angle": 0, "axis": "y", "origin": [6, 1.5, 11]},
			"faces": {
				"north": {"uv": [8, 6, 10, 7], "texture": "#0"},
				"east": {"uv": [8, 14, 9, 15], "texture": "#0"},
				"south": {"uv": [4, 7, 6, 8], "texture": "#0"},
				"west": {"uv": [14, 8, 15, 9], "texture": "#0"},
				"up": {"uv": [3, 10, 1, 9], "texture": "#0"},
				"down": {"uv": [3, 6, 1, 7], "texture": "#0"}
			}
		},
		{
			"from": [6, 2.5, 11],
			"to": [11, 3.5, 12],
			"rotation": {"angle": 0, "axis": "y", "origin": [6, 1.5, 14]},
			"faces": {
				"north": {"uv": [8, 6, 10, 7], "texture": "#0"},
				"east": {"uv": [8, 14, 9, 15], "texture": "#0"},
				"south": {"uv": [4, 7, 6, 8], "texture": "#0"},
				"west": {"uv": [14, 8, 15, 9], "texture": "#0"},
				"up": {"uv": [3, 10, 1, 9], "texture": "#0"},
				"down": {"uv": [3, 6, 1, 7], "texture": "#0"}
			}
		},
		{
			"from": [9, 2.5, 9],
			"to": [10, 3.5, 11],
			"rotation": {"angle": 0, "axis": "y", "origin": [6, 1.5, 14]},
			"faces": {
				"north": {"uv": [8, 6, 10, 7], "texture": "#0"},
				"east": {"uv": [8, 14, 9, 15], "texture": "#0"},
				"south": {"uv": [4, 7, 6, 8], "texture": "#0"},
				"west": {"uv": [14, 8, 15, 9], "texture": "#0"},
				"up": {"uv": [3, 10, 1, 9], "texture": "#0"},
				"down": {"uv": [3, 6, 1, 7], "texture": "#0"}
			}
		},
		{
			"from": [6, 2.5, 9],
			"to": [7, 3.5, 11],
			"rotation": {"angle": 0, "axis": "y", "origin": [3, 1.5, 14]},
			"faces": {
				"north": {"uv": [8, 6, 10, 7], "texture": "#0"},
				"east": {"uv": [8, 14, 9, 15], "texture": "#0"},
				"south": {"uv": [4, 7, 6, 8], "texture": "#0"},
				"west": {"uv": [14, 8, 15, 9], "texture": "#0"},
				"up": {"uv": [3, 10, 1, 9], "texture": "#0"},
				"down": {"uv": [3, 6, 1, 7], "texture": "#0"}
			}
		},
		{
			"from": [5, 2, 8],
			"to": [6, 4, 12],
			"rotation": {"angle": 0, "axis": "y", "origin": [7, 2, 11]},
			"faces": {
				"north": {"uv": [2, 12, 4, 14], "texture": "#0"},
				"east": {"uv": [4, 4, 10, 6], "texture": "#0"},
				"south": {"uv": [12, 4, 14, 6], "texture": "#0"},
				"west": {"uv": [4, 6, 10, 8], "texture": "#0"},
				"up": {"uv": [7, 3, 2, 1], "texture": "#0"},
				"down": {"uv": [9, 0, 4, 2], "texture": "#0"}
			}
		},
		{
			"from": [10, 2, 8],
			"to": [11, 4, 12],
			"rotation": {"angle": 0, "axis": "y", "origin": [11, 2, 11]},
			"faces": {
				"north": {"uv": [12, 6, 14, 8], "texture": "#0"},
				"east": {"uv": [8, 0, 14, 2], "texture": "#0"},
				"south": {"uv": [12, 8, 14, 10], "texture": "#0"},
				"west": {"uv": [8, 2, 14, 4], "texture": "#0"},
				"up": {"uv": [7, 2, 1, 0], "texture": "#0"},
				"down": {"uv": [10, 0, 4, 2], "texture": "#0"}
			}
		},
		{
			"from": [6, 2, 12],
			"to": [10, 4, 13],
			"rotation": {"angle": 0, "axis": "y", "origin": [9, 2, 11]},
			"faces": {
				"north": {"uv": [7, 4, 9, 6], "texture": "#0"},
				"east": {"uv": [5, 4, 7, 6], "texture": "#0"},
				"south": {"uv": [8, 6, 10, 8], "texture": "#0"},
				"west": {"uv": [0, 14, 2, 16], "texture": "#0"},
				"up": {"uv": [13, 2, 11, 0], "texture": "#0"},
				"down": {"uv": [4, 12, 2, 14], "texture": "#0"}
			}
		},
		{
			"from": [6, 2, 7],
			"to": [10, 4, 8],
			"rotation": {"angle": 0, "axis": "y", "origin": [7, 2, 9]},
			"faces": {
				"north": {"uv": [10, 12, 12, 14], "texture": "#0"},
				"east": {"uv": [0, 14, 2, 16], "texture": "#0"},
				"south": {"uv": [10, 12, 12, 14], "texture": "#0"},
				"west": {"uv": [12, 10, 14, 12], "texture": "#0"},
				"up": {"uv": [13, 2, 11, 0], "rotation": 180, "texture": "#0"},
				"down": {"uv": [6, 9, 8, 7], "rotation": 270, "texture": "#0"}
			}
		}
	],
	"display": {
		"thirdperson_righthand": {
			"rotation": [90, 0, 90],
			"translation": [-2.5, 0.75, 0],
			"scale": [0.5, 0.5, 0.5]
		},
		"thirdperson_lefthand": {
			"rotation": [90, 0, -90],
			"translation": [2.5, 0.75, 0],
			"scale": [0.5, 0.5, 0.5]
		},
		"firstperson_righthand": {
			"rotation": [0, 0, 90],
			"translation": [0, 2.25, 0],
			"scale": [0.5, 0.5, 0.5]
		},
		"firstperson_lefthand": {
			"rotation": [0, 0, -90],
			"translation": [5, 2.25, 0],
			"scale": [0.5, 0.5, 0.5]
		},
		"ground": {
			"rotation": [-90, 0, 0],
			"scale": [0.5, 0.5, 0.5]
		},
		"gui": {
			"rotation": [-60, 30, 0],
			"translation": [0, 2.5, 0]
		},
		"fixed": {
			"rotation": [-90, 0, 0],
			"translation": [0, 0, -4.5]
		}
	}
}