
{
  "parent": "minecraft:item/generated",
  "overrides": [
	 { "predicate": {"custom_model_data": 81}, "model": "santa:items/candy"},
	 { "predicate": {"custom_model_data": 82}, "model": "santa:items/chocolate"},
	 { "predicate": {"custom_model_data": 83}, "model": "santa:items/confet"},
	 { "predicate": {"custom_model_data": 84}, "model": "santa:items/choc12"},
	 { "predicate": {"custom_model_data": 85}, "model": "santa:items/confet12"},
	 { "predicate": {"custom_model_data": 86}, "model": "santa:items/choc11"},
	 { "predicate": {"custom_model_data": 87}, "model": "santa:items/confet11"}
	 
	 
  ],
  "textures": {
    "layer0": "minecraft:item/golden_carrot"
  
  }
}
