{
    "parent": "minecraft:item/generated",
    "display": {
        "thirdperson_righthand": {
            "rotation": [ 0, 180, 0 ],
            "translation": [ 0, 3, 1 ],
            "scale": [ 0.55, 0.55, 0.55 ]
        },
        "thirdperson_lefthand": {
            "rotation": [ 0, 0, 0 ],
            "translation": [ 0, 3, 1 ],
            "scale": [ 0.55, 0.55, 0.55 ]
        },
        "firstperson_righthand": {
            "rotation": [ 0, -90, 25 ],
            "translation": [ 1.13, 3.2, 1.13 ],
            "scale": [ 0.68, 0.68, 0.68 ]
        },
        "firstperson_lefthand": {
            "rotation": [ 0, 90, -25 ],
            "translation": [ 1.13, 3.2, 1.13 ],
            "scale": [ 0.68, 0.68, 0.68 ]
        }
    },
    
    "overrides": [
    {
        "model": "apicolor:item/goat_horn_quartz_trim",
        "predicate": {
        "trim_type": 0.1
        }
    },
    {
        "model": "apicolor:item/goat_horn_iron_trim",
        "predicate": {
        "trim_type": 0.2
        }
    },
    {
        "model": "apicolor:item/goat_horn_netherite_trim",
        "predicate": {
        "trim_type": 0.3
        }
    },
    {
        "model": "apicolor:item/goat_horn_redstone_trim",
        "predicate": {
        "trim_type": 0.4
        }
    },
    {
        "model": "apicolor:item/goat_horn_copper_trim",
        "predicate": {
        "trim_type": 0.5
        }
    },
    {
        "model": "apicolor:item/goat_horn_gold_trim",
        "predicate": {
        "trim_type": 0.6
        }
    },
    {
        "model": "apicolor:item/goat_horn_emerald_trim",
        "predicate": {
        "trim_type": 0.7
        }
    },
    {
        "model": "apicolor:item/goat_horn_diamond_trim",
        "predicate": {
        "trim_type": 0.8
        }
    },
    {
        "model": "apicolor:item/goat_horn_lapis_trim",
        "predicate": {
        "trim_type": 0.9
        }
    },
    {
        "model": "apicolor:item/goat_horn_amethyst_trim",
        "predicate": {
        "trim_type": 1.0
        }
    },
    {
        "predicate": {
            "tooting": 1
        },
        "model": "item/tooting_goat_horn"
    },
    {
        "model": "apicolor:item/tooting_goat_horn_quartz_trim",
        "predicate": {
        "trim_type": 0.1,
        "tooting": 1
        }
    },
    {
        "model": "apicolor:item/tooting_goat_horn_iron_trim",
        "predicate": {
        "trim_type": 0.2,
        "tooting": 1
        }
    },
    {
        "model": "apicolor:item/tooting_goat_horn_netherite_trim",
        "predicate": {
        "trim_type": 0.3,
        "tooting": 1
        }
    },
    {
        "model": "apicolor:item/tooting_goat_horn_redstone_trim",
        "predicate": {
        "trim_type": 0.4,
        "tooting": 1
        }
    },
    {
        "model": "apicolor:item/tooting_goat_horn_copper_trim",
        "predicate": {
        "trim_type": 0.5,
        "tooting": 1
        }
    },
    {
        "model": "apicolor:item/tooting_goat_horn_gold_trim",
        "predicate": {
        "trim_type": 0.6,
        "tooting": 1
        }
    },
    {
        "model": "apicolor:item/tooting_goat_horn_emerald_trim",
        "predicate": {
        "trim_type": 0.7,
        "tooting": 1
        }
    },
    {
        "model": "apicolor:item/tooting_goat_horn_diamond_trim",
        "predicate": {
        "trim_type": 0.8,
        "tooting": 1
        }
    },
    {
        "model": "apicolor:item/tooting_goat_horn_lapis_trim",
        "predicate": {
        "trim_type": 0.9,
        "tooting": 1
        }
    },
    {
        "model": "apicolor:item/tooting_goat_horn_amethyst_trim",
        "predicate": {
        "trim_type": 1.0,
        "tooting": 1
        }
    }
    ],
    "textures": {
    "layer0": "minecraft:item/goat_horn"
    }
    }