{
  "sources": [
    {
      "type": "directory",
      "source": "block",
      "prefix": "block/"
    },
        {
        "type": "directory",
        "source": "all",
        "prefix": "all/"
    },
    {
      "type": "directory",
      "source": "item",
      "prefix": "item/"
    },
    {
      "type": "directory",
      "source": "entity/conduit",
      "prefix": "entity/conduit/"
    },
    {
      "type": "single",
      "resource": "entity/bell/bell_body"
    },
    {
      "type": "single",
      "resource": "entity/decorated_pot/decorated_pot_side"
    },
    {
      "type": "single",
      "resource": "entity/enchanting_table_book"
    },
    {
      "type": "paletted_permutations",
      "textures": ["apicolor:trims/items/fishing_rod_trim",
                  "apicolor:trims/items/fishing_rod_cast_trim",
                  "apicolor:trims/items/goat_horn_trim",
                  "apicolor:trims/items/brush_trim",
                  "apicolor:trims/items/flint_and_steel_trim",
                  "apicolor:trims/items/shears_trim",
                  "apicolor:trims/items/totem_of_undying_trim",
                  "apicolor:trims/items/brush_brushing_0_trim",
                  "apicolor:trims/items/brush_brushing_1_trim",
                  "apicolor:trims/items/brush_brushing_2_trim",
                  "apicolor:trims/items/mace_trim",
                  "apicolor:trims/items/bow_pulling_0_trim",
                  "apicolor:trims/items/bow_pulling_1_trim",
                  "apicolor:trims/items/bow_pulling_2_trim",
                  "apicolor:trims/items/tooting_goat_horn_trim",
                  "apicolor:trims/items/crossbow_pulling_0_trim",
                  "apicolor:trims/items/crossbow_pulling_1_trim",
                  "apicolor:trims/items/crossbow_pulling_2_trim",
                  "apicolor:trims/items/crossbow_arrow_trim",
                  "apicolor:trims/items/crossbow_firework_trim",
                  "apicolor:trims/items/crossbow_trim",
                  "apicolor:trims/items/bow_trim",
                  "apicolor:trims/items/hoe_trim",
                  "apicolor:trims/items/shovel_trim",
                  "apicolor:trims/items/sword_trim",
                  "apicolor:trims/items/pickaxe_trim",
                  "apicolor:trims/items/axe_trim",
                  "apicolor:trims/items/warped_fungus_on_a_stick_trim",
                  "apicolor:trims/items/carrot_on_a_stick_trim",
                  "trims/items/leggings_trim",
                  "trims/items/chestplate_trim",
                  "trims/items/helmet_trim",
                  "trims/items/boots_trim"
      ],
      "palette_key": "trims/color_palettes/trim_palette",
      "permutations": {
        "quartz": "trims/color_palettes/quartz",
        "iron": "trims/color_palettes/iron",
        "gold": "trims/color_palettes/gold",
        "diamond": "trims/color_palettes/diamond",
        "netherite": "trims/color_palettes/netherite",
        "redstone": "trims/color_palettes/redstone",
        "copper": "trims/color_palettes/copper",
        "emerald": "trims/color_palettes/emerald",
        "lapis": "trims/color_palettes/lapis",
        "amethyst": "trims/color_palettes/amethyst",
        "iron_darker": "trims/color_palettes/iron_darker",
        "gold_darker": "trims/color_palettes/gold_darker",
        "diamond_darker": "trims/color_palettes/diamond_darker",
        "netherite_darker": "trims/color_palettes/netherite_darker"
      }
    }
  ]
}