{
    "parent": "minecraft:item/handheld",
    "textures": {
        "layer0": "minecraft:item/netherite_pickaxe"
    },
    "overrides": [
        {
            "predicate": {
                "custom_model_data": 4767
            },
            "model": "minecraft:item/hand_drill_fortune"
        },
        { "predicate": { "custom_model_data": 30101}, "model": "item/pickaxes/netherite_linear_diamond"},
        { "predicate": { "custom_model_data": 30102}, "model": "item/pickaxes/netherite_tracks_diamond"},
        { "predicate": { "custom_model_data": 30103}, "model": "item/pickaxes/netherite_linear_amethyst"},
        { "predicate": { "custom_model_data": 30104}, "model": "item/pickaxes/netherite_tracks_amethyst"},
        { "predicate": { "custom_model_data": 30105}, "model": "item/pickaxes/netherite_linear_gold"},
        { "predicate": { "custom_model_data": 30106}, "model": "item/pickaxes/netherite_tracks_gold"},
        { "predicate": { "custom_model_data": 30107}, "model": "item/pickaxes/netherite_linear_redstone"},
        { "predicate": { "custom_model_data": 30108}, "model": "item/pickaxes/netherite_tracks_redstone"},
        { "predicate": { "custom_model_data": 30109}, "model": "item/pickaxes/netherite_linear_emerald"},
        { "predicate": { "custom_model_data": 30110}, "model": "item/pickaxes/netherite_tracks_emerald"},
        { "predicate": { "custom_model_data": 30111}, "model": "item/pickaxes/netherite_linear_copper"},
        { "predicate": { "custom_model_data": 30112}, "model": "item/pickaxes/netherite_tracks_copper"},
        { "predicate": { "custom_model_data": 30113}, "model": "item/pickaxes/netherite_linear_iron"},
        { "predicate": { "custom_model_data": 30114}, "model": "item/pickaxes/netherite_tracks_iron"},
        { "predicate": { "custom_model_data": 30115}, "model": "item/netherite_hoe"},
        { "predicate": { "custom_model_data": 30116}, "model": "item/netherite_hoe"},
        { "predicate": { "custom_model_data": 30117}, "model": "item/pickaxes/netherite_linear_lapis"},
        { "predicate": { "custom_model_data": 30118}, "model": "item/pickaxes/netherite_tracks_lapis"},
        { "predicate": { "custom_model_data": 30119}, "model": "item/pickaxes/nehterite_linear_quartz"},
        { "predicate": { "custom_model_data": 30120}, "model": "item/pickaxes/netherite_tracks_quartz"}
    ]
}