{
    "parent": "minecraft:item/generated",
    "overrides": [
    {
        "model": "apicolor:item/carrot_on_a_stick_quartz_trim",
        "predicate": {
        "trim_type": 0.1
        }
    },
    {
        "model": "apicolor:item/carrot_on_a_stick_iron_trim",
        "predicate": {
        "trim_type": 0.2
        }
    },
    {
        "model": "apicolor:item/carrot_on_a_stick_netherite_trim",
        "predicate": {
        "trim_type": 0.3
        }
    },
    {
        "model": "apicolor:item/carrot_on_a_stick_redstone_trim",
        "predicate": {
        "trim_type": 0.4
        }
    },
    {
        "model": "apicolor:item/carrot_on_a_stick_copper_trim",
        "predicate": {
        "trim_type": 0.5
        }
    },
    {
        "model": "apicolor:item/carrot_on_a_stick_gold_trim",
        "predicate": {
        "trim_type": 0.6
        }
    },
    {
        "model": "apicolor:item/carrot_on_a_stick_emerald_trim",
        "predicate": {
        "trim_type": 0.7
        }
    },
    {
        "model": "apicolor:item/carrot_on_a_stick_diamond_trim",
        "predicate": {
        "trim_type": 0.8
        }
    },
    {
        "model": "apicolor:item/carrot_on_a_stick_lapis_trim",
        "predicate": {
        "trim_type": 0.9
        }
    },
    {
        "model": "apicolor:item/carrot_on_a_stick_amethyst_trim",
        "predicate": {
        "trim_type": 1.0
        }
    }
    ],
    "textures": {
    "layer0": "minecraft:item/carrot_on_a_stick"
    }
    }