{
    "parent": "minecraft:item/generated",
    "textures": {
        "layer0": "minecraft:item/item_frame"
    },
    "overrides": [        
        {"predicate":{"custom_model_data":85225}, "model":"item/card_detector"},
        {"predicate":{"custom_model_data":8401}, "model":"bubblellaneous:gui/slot"},
        {"predicate":{"custom_model_data":8402}, "model":"bubblellaneous:gui/arrow_left_inactive"},
        {"predicate":{"custom_model_data":8403}, "model":"bubblellaneous:gui/arrow_left"},
        {"predicate":{"custom_model_data":8404}, "model":"bubblellaneous:gui/arrow_right_inactive"},
        {"predicate":{"custom_model_data":8405}, "model":"bubblellaneous:gui/arrow_right"},
        {"predicate":{"custom_model_data":85001}, "model":"bubblellaneous:block/bubble_bench"},
        {"predicate":{"custom_model_data":85002}, "model":"bubblellaneous:block/tables/classic/acacia"},
        {"predicate":{"custom_model_data":85003}, "model":"bubblellaneous:block/tables/classic/birch"},
        {"predicate":{"custom_model_data":85004}, "model":"bubblellaneous:block/tables/classic/crimson"},
        {"predicate":{"custom_model_data":85005}, "model":"bubblellaneous:block/tables/classic/dark_oak"},
        {"predicate":{"custom_model_data":85006}, "model":"bubblellaneous:block/tables/classic/jungle"},
        {"predicate":{"custom_model_data":85007}, "model":"bubblellaneous:block/tables/classic/oak"},
        {"predicate":{"custom_model_data":85008}, "model":"bubblellaneous:block/tables/classic/spruce"},
        {"predicate":{"custom_model_data":85009}, "model":"bubblellaneous:block/tables/classic/stone"},
        {"predicate":{"custom_model_data":85010}, "model":"bubblellaneous:block/tables/classic/warped"},
        {"predicate":{"custom_model_data":85011}, "model":"bubblellaneous:block/tables/tabletop/acacia"},
        {"predicate":{"custom_model_data":85012}, "model":"bubblellaneous:block/tables/tabletop/birch"},
        {"predicate":{"custom_model_data":85013}, "model":"bubblellaneous:block/tables/tabletop/crimson"},
        {"predicate":{"custom_model_data":85014}, "model":"bubblellaneous:block/tables/tabletop/dark_oak"},
        {"predicate":{"custom_model_data":85015}, "model":"bubblellaneous:block/tables/tabletop/jungle"},
        {"predicate":{"custom_model_data":85016}, "model":"bubblellaneous:block/tables/tabletop/oak"},
        {"predicate":{"custom_model_data":85017}, "model":"bubblellaneous:block/tables/tabletop/spruce"},
        {"predicate":{"custom_model_data":85018}, "model":"bubblellaneous:block/tables/tabletop/stone"},
        {"predicate":{"custom_model_data":85019}, "model":"bubblellaneous:block/tables/tabletop/warped"},
        {"predicate":{"custom_model_data":85020}, "model":"bubblellaneous:block/tables/leg/acacia"},
        {"predicate":{"custom_model_data":85021}, "model":"bubblellaneous:block/tables/leg/birch"},
        {"predicate":{"custom_model_data":85022}, "model":"bubblellaneous:block/tables/leg/crimson"},
        {"predicate":{"custom_model_data":85023}, "model":"bubblellaneous:block/tables/leg/dark_oak"},
        {"predicate":{"custom_model_data":85024}, "model":"bubblellaneous:block/tables/leg/jungle"},
        {"predicate":{"custom_model_data":85025}, "model":"bubblellaneous:block/tables/leg/oak"},
        {"predicate":{"custom_model_data":85026}, "model":"bubblellaneous:block/tables/leg/spruce"},
        {"predicate":{"custom_model_data":85027}, "model":"bubblellaneous:block/tables/leg/stone"},
        {"predicate":{"custom_model_data":85028}, "model":"bubblellaneous:block/tables/leg/warped"},
        {"predicate":{"custom_model_data":85029}, "model":"bubblellaneous:block/kitchen_cabinet"},
        {"predicate":{"custom_model_data":85030}, "model":"bubblellaneous:block/cabinet/acacia"},
        {"predicate":{"custom_model_data":85031}, "model":"bubblellaneous:block/cabinet/birch"},
        {"predicate":{"custom_model_data":85032}, "model":"bubblellaneous:block/cabinet/crimson"},
        {"predicate":{"custom_model_data":85033}, "model":"bubblellaneous:block/cabinet/dark_oak"},
        {"predicate":{"custom_model_data":85034}, "model":"bubblellaneous:block/cabinet/jungle"},
        {"predicate":{"custom_model_data":85035}, "model":"bubblellaneous:block/cabinet/oak"},
        {"predicate":{"custom_model_data":85036}, "model":"bubblellaneous:block/cabinet/spruce"},
        {"predicate":{"custom_model_data":85037}, "model":"bubblellaneous:block/cabinet/stone"},
        {"predicate":{"custom_model_data":85038}, "model":"bubblellaneous:block/cabinet/warped"},
        {"predicate":{"custom_model_data":85039}, "model":"bubblellaneous:block/cupboard/acacia"},
        {"predicate":{"custom_model_data":85040}, "model":"bubblellaneous:block/cupboard/birch"},
        {"predicate":{"custom_model_data":85041}, "model":"bubblellaneous:block/cupboard/crimson"},
        {"predicate":{"custom_model_data":85042}, "model":"bubblellaneous:block/cupboard/dark_oak"},
        {"predicate":{"custom_model_data":85043}, "model":"bubblellaneous:block/cupboard/jungle"},
        {"predicate":{"custom_model_data":85044}, "model":"bubblellaneous:block/cupboard/oak"},
        {"predicate":{"custom_model_data":85045}, "model":"bubblellaneous:block/cupboard/spruce"},
        {"predicate":{"custom_model_data":85046}, "model":"bubblellaneous:block/cupboard/stone"},
        {"predicate":{"custom_model_data":85047}, "model":"bubblellaneous:block/cupboard/warped"},
        {"predicate":{"custom_model_data":85048}, "model":"bubblellaneous:block/shelf/acacia"},
        {"predicate":{"custom_model_data":85049}, "model":"bubblellaneous:block/shelf/birch"},
        {"predicate":{"custom_model_data":85050}, "model":"bubblellaneous:block/shelf/crimson"},
        {"predicate":{"custom_model_data":85051}, "model":"bubblellaneous:block/shelf/dark_oak"},
        {"predicate":{"custom_model_data":85052}, "model":"bubblellaneous:block/shelf/jungle"},
        {"predicate":{"custom_model_data":85053}, "model":"bubblellaneous:block/shelf/oak"},
        {"predicate":{"custom_model_data":85054}, "model":"bubblellaneous:block/shelf/spruce"},
        {"predicate":{"custom_model_data":85055}, "model":"bubblellaneous:block/shelf/stone"},
        {"predicate":{"custom_model_data":85056}, "model":"bubblellaneous:block/shelf/warped"},
        {"predicate":{"custom_model_data":85057}, "model":"bubblellaneous:block/drawer/acacia"},
        {"predicate":{"custom_model_data":85058}, "model":"bubblellaneous:block/drawer/birch"},
        {"predicate":{"custom_model_data":85059}, "model":"bubblellaneous:block/drawer/crimson"},
        {"predicate":{"custom_model_data":85060}, "model":"bubblellaneous:block/drawer/dark_oak"},
        {"predicate":{"custom_model_data":85061}, "model":"bubblellaneous:block/drawer/jungle"},
        {"predicate":{"custom_model_data":85062}, "model":"bubblellaneous:block/drawer/oak"},
        {"predicate":{"custom_model_data":85063}, "model":"bubblellaneous:block/drawer/spruce"},
        {"predicate":{"custom_model_data":85064}, "model":"bubblellaneous:block/drawer/stone"},
        {"predicate":{"custom_model_data":85065}, "model":"bubblellaneous:block/drawer/warped"},
        {"predicate":{"custom_model_data":85066}, "model":"bubblellaneous:block/couch/black"},
        {"predicate":{"custom_model_data":85067}, "model":"bubblellaneous:block/couch/blue"},
        {"predicate":{"custom_model_data":85068}, "model":"bubblellaneous:block/couch/brown"},
        {"predicate":{"custom_model_data":85069}, "model":"bubblellaneous:block/couch/cyan"},
        {"predicate":{"custom_model_data":85070}, "model":"bubblellaneous:block/couch/gray"},
        {"predicate":{"custom_model_data":85071}, "model":"bubblellaneous:block/couch/green"},
        {"predicate":{"custom_model_data":85072}, "model":"bubblellaneous:block/couch/light_blue"},
        {"predicate":{"custom_model_data":85073}, "model":"bubblellaneous:block/couch/light_gray"},
        {"predicate":{"custom_model_data":85074}, "model":"bubblellaneous:block/couch/lime"},
        {"predicate":{"custom_model_data":85075}, "model":"bubblellaneous:block/couch/magenta"},
        {"predicate":{"custom_model_data":85076}, "model":"bubblellaneous:block/couch/orange"},
        {"predicate":{"custom_model_data":85077}, "model":"bubblellaneous:block/couch/pink"},
        {"predicate":{"custom_model_data":85078}, "model":"bubblellaneous:block/couch/purple"},
        {"predicate":{"custom_model_data":85079}, "model":"bubblellaneous:block/couch/red"},
        {"predicate":{"custom_model_data":85080}, "model":"bubblellaneous:block/couch/white"},
        {"predicate":{"custom_model_data":85081}, "model":"bubblellaneous:block/couch/yellow"},
        {"predicate":{"custom_model_data":85082}, "model":"bubblellaneous:block/armchair/black"},
        {"predicate":{"custom_model_data":85083}, "model":"bubblellaneous:block/armchair/blue"},
        {"predicate":{"custom_model_data":85084}, "model":"bubblellaneous:block/armchair/brown"},
        {"predicate":{"custom_model_data":85085}, "model":"bubblellaneous:block/armchair/cyan"},
        {"predicate":{"custom_model_data":85086}, "model":"bubblellaneous:block/armchair/gray"},
        {"predicate":{"custom_model_data":85087}, "model":"bubblellaneous:block/armchair/green"},
        {"predicate":{"custom_model_data":85088}, "model":"bubblellaneous:block/armchair/light_blue"},
        {"predicate":{"custom_model_data":85089}, "model":"bubblellaneous:block/armchair/light_gray"},
        {"predicate":{"custom_model_data":85090}, "model":"bubblellaneous:block/armchair/lime"},
        {"predicate":{"custom_model_data":85091}, "model":"bubblellaneous:block/armchair/magenta"},
        {"predicate":{"custom_model_data":85092}, "model":"bubblellaneous:block/armchair/orange"},
        {"predicate":{"custom_model_data":85093}, "model":"bubblellaneous:block/armchair/pink"},
        {"predicate":{"custom_model_data":85094}, "model":"bubblellaneous:block/armchair/purple"},
        {"predicate":{"custom_model_data":85095}, "model":"bubblellaneous:block/armchair/red"},
        {"predicate":{"custom_model_data":85096}, "model":"bubblellaneous:block/armchair/white"},
        {"predicate":{"custom_model_data":85097}, "model":"bubblellaneous:block/armchair/yellow"},
        {"predicate":{"custom_model_data":85098}, "model":"bubblellaneous:block/fridge"},
        {"predicate":{"custom_model_data":85099}, "model":"bubblellaneous:block/washer"},
        {"predicate":{"custom_model_data":85100}, "model":"bubblellaneous:block/dining_chair/black"},
        {"predicate":{"custom_model_data":85101}, "model":"bubblellaneous:block/dining_chair/blue"},
        {"predicate":{"custom_model_data":85102}, "model":"bubblellaneous:block/dining_chair/brown"},
        {"predicate":{"custom_model_data":85103}, "model":"bubblellaneous:block/dining_chair/cyan"},
        {"predicate":{"custom_model_data":85104}, "model":"bubblellaneous:block/dining_chair/gray"},
        {"predicate":{"custom_model_data":85105}, "model":"bubblellaneous:block/dining_chair/green"},
        {"predicate":{"custom_model_data":85106}, "model":"bubblellaneous:block/dining_chair/light_blue"},
        {"predicate":{"custom_model_data":85107}, "model":"bubblellaneous:block/dining_chair/light_gray"},
        {"predicate":{"custom_model_data":85108}, "model":"bubblellaneous:block/dining_chair/lime"},
        {"predicate":{"custom_model_data":85109}, "model":"bubblellaneous:block/dining_chair/magenta"},
        {"predicate":{"custom_model_data":85110}, "model":"bubblellaneous:block/dining_chair/orange"},
        {"predicate":{"custom_model_data":85111}, "model":"bubblellaneous:block/dining_chair/pink"},
        {"predicate":{"custom_model_data":85112}, "model":"bubblellaneous:block/dining_chair/purple"},
        {"predicate":{"custom_model_data":85113}, "model":"bubblellaneous:block/dining_chair/red"},
        {"predicate":{"custom_model_data":85114}, "model":"bubblellaneous:block/dining_chair/white"},
        {"predicate":{"custom_model_data":85115}, "model":"bubblellaneous:block/dining_chair/yellow"},
        {"predicate":{"custom_model_data":85116}, "model":"bubblellaneous:block/office_chair/black"},
        {"predicate":{"custom_model_data":85117}, "model":"bubblellaneous:block/office_chair/blue"},
        {"predicate":{"custom_model_data":85118}, "model":"bubblellaneous:block/office_chair/brown"},
        {"predicate":{"custom_model_data":85119}, "model":"bubblellaneous:block/office_chair/cyan"},
        {"predicate":{"custom_model_data":85120}, "model":"bubblellaneous:block/office_chair/gray"},
        {"predicate":{"custom_model_data":85121}, "model":"bubblellaneous:block/office_chair/green"},
        {"predicate":{"custom_model_data":85122}, "model":"bubblellaneous:block/office_chair/light_blue"},
        {"predicate":{"custom_model_data":85123}, "model":"bubblellaneous:block/office_chair/light_gray"},
        {"predicate":{"custom_model_data":85124}, "model":"bubblellaneous:block/office_chair/lime"},
        {"predicate":{"custom_model_data":85125}, "model":"bubblellaneous:block/office_chair/magenta"},
        {"predicate":{"custom_model_data":85126}, "model":"bubblellaneous:block/office_chair/orange"},
        {"predicate":{"custom_model_data":85127}, "model":"bubblellaneous:block/office_chair/pink"},
        {"predicate":{"custom_model_data":85128}, "model":"bubblellaneous:block/office_chair/purple"},
        {"predicate":{"custom_model_data":85129}, "model":"bubblellaneous:block/office_chair/red"},
        {"predicate":{"custom_model_data":85130}, "model":"bubblellaneous:block/office_chair/white"},
        {"predicate":{"custom_model_data":85131}, "model":"bubblellaneous:block/office_chair/yellow"},
        {"predicate":{"custom_model_data":85132}, "model":"bubblellaneous:block/bar_stool/black"},
        {"predicate":{"custom_model_data":85133}, "model":"bubblellaneous:block/bar_stool/blue"},
        {"predicate":{"custom_model_data":85134}, "model":"bubblellaneous:block/bar_stool/brown"},
        {"predicate":{"custom_model_data":85135}, "model":"bubblellaneous:block/bar_stool/cyan"},
        {"predicate":{"custom_model_data":85136}, "model":"bubblellaneous:block/bar_stool/gray"},
        {"predicate":{"custom_model_data":85137}, "model":"bubblellaneous:block/bar_stool/green"},
        {"predicate":{"custom_model_data":85138}, "model":"bubblellaneous:block/bar_stool/light_blue"},
        {"predicate":{"custom_model_data":85139}, "model":"bubblellaneous:block/bar_stool/light_gray"},
        {"predicate":{"custom_model_data":85140}, "model":"bubblellaneous:block/bar_stool/lime"},
        {"predicate":{"custom_model_data":85141}, "model":"bubblellaneous:block/bar_stool/magenta"},
        {"predicate":{"custom_model_data":85142}, "model":"bubblellaneous:block/bar_stool/orange"},
        {"predicate":{"custom_model_data":85143}, "model":"bubblellaneous:block/bar_stool/pink"},
        {"predicate":{"custom_model_data":85144}, "model":"bubblellaneous:block/bar_stool/purple"},
        {"predicate":{"custom_model_data":85145}, "model":"bubblellaneous:block/bar_stool/red"},
        {"predicate":{"custom_model_data":85146}, "model":"bubblellaneous:block/bar_stool/white"},
        {"predicate":{"custom_model_data":85147}, "model":"bubblellaneous:block/bar_stool/yellow"},
        {"predicate":{"custom_model_data":85148}, "model":"bubblellaneous:block/chair/acacia"},
        {"predicate":{"custom_model_data":85149}, "model":"bubblellaneous:block/chair/birch"},
        {"predicate":{"custom_model_data":85150}, "model":"bubblellaneous:block/chair/crimson"},
        {"predicate":{"custom_model_data":85151}, "model":"bubblellaneous:block/chair/dark_oak"},
        {"predicate":{"custom_model_data":85152}, "model":"bubblellaneous:block/chair/jungle"},
        {"predicate":{"custom_model_data":85153}, "model":"bubblellaneous:block/chair/oak"},
        {"predicate":{"custom_model_data":85154}, "model":"bubblellaneous:block/chair/spruce"},
        {"predicate":{"custom_model_data":85155}, "model":"bubblellaneous:block/chair/stone"},
        {"predicate":{"custom_model_data":85156}, "model":"bubblellaneous:block/chair/warped"},
        {"predicate":{"custom_model_data":85157}, "model":"bubblellaneous:block/bench/acacia"},
        {"predicate":{"custom_model_data":85158}, "model":"bubblellaneous:block/bench/birch"},
        {"predicate":{"custom_model_data":85159}, "model":"bubblellaneous:block/bench/crimson"},
        {"predicate":{"custom_model_data":85160}, "model":"bubblellaneous:block/bench/dark_oak"},
        {"predicate":{"custom_model_data":85161}, "model":"bubblellaneous:block/bench/jungle"},
        {"predicate":{"custom_model_data":85162}, "model":"bubblellaneous:block/bench/oak"},
        {"predicate":{"custom_model_data":85163}, "model":"bubblellaneous:block/bench/spruce"},
        {"predicate":{"custom_model_data":85164}, "model":"bubblellaneous:block/bench/stone"},
        {"predicate":{"custom_model_data":85165}, "model":"bubblellaneous:block/bench/warped"},
        {"predicate":{"custom_model_data":85166}, "model":"bubblellaneous:block/trashcan"},
        {"predicate":{"custom_model_data":85167}, "model":"bubblellaneous:block/security_alarm"},
        {"predicate":{"custom_model_data":85168}, "model":"bubblellaneous:block/laser_block"},
        {"predicate":{"custom_model_data":85169}, "model":"bubblellaneous:armor/nanoglasses"},
        {"predicate":{"custom_model_data":85170}, "model":"bubblellaneous:block/retinal_scanner/idle"},
        {"predicate":{"custom_model_data":85171}, "model":"bubblellaneous:block/retinal_scanner/locked"},
        {"predicate":{"custom_model_data":85172}, "model":"bubblellaneous:block/retinal_scanner/unlocked"},
        {"predicate":{"custom_model_data":85173}, "model":"bubblellaneous:block/pincode_lock/idle"},
        {"predicate":{"custom_model_data":85174}, "model":"bubblellaneous:block/pincode_lock/locked"},
        {"predicate":{"custom_model_data":85175}, "model":"bubblellaneous:block/pincode_lock/unlocked"},
        {"predicate":{"custom_model_data":85176}, "model":"bubblellaneous:block/item_reader/idle"},
        {"predicate":{"custom_model_data":85177}, "model":"bubblellaneous:block/item_reader/locked"},
        {"predicate":{"custom_model_data":85178}, "model":"bubblellaneous:block/item_reader/unlocked"},
        {"predicate":{"custom_model_data":85179}, "model":"bubblellaneous:item/burger"},
        {"predicate":{"custom_model_data":85180}, "model":"bubblellaneous:item/burrito"},
        {"predicate":{"custom_model_data":85181}, "model":"bubblellaneous:item/chocolate"},
        {"predicate":{"custom_model_data":85182}, "model":"bubblellaneous:item/cup_of_coffee"},
        {"predicate":{"custom_model_data":85183}, "model":"bubblellaneous:item/donut"},
        {"predicate":{"custom_model_data":85184}, "model":"bubblellaneous:item/pizza_slice"},
        {"predicate":{"custom_model_data":85185}, "model":"bubblellaneous:block/padlock_door/acacia"},
        {"predicate":{"custom_model_data":85186}, "model":"bubblellaneous:block/padlock_door/birch"},
        {"predicate":{"custom_model_data":85187}, "model":"bubblellaneous:block/padlock_door/crimson"},
        {"predicate":{"custom_model_data":85188}, "model":"bubblellaneous:block/padlock_door/dark_oak"},
        {"predicate":{"custom_model_data":85189}, "model":"bubblellaneous:block/padlock_door/iron"},
        {"predicate":{"custom_model_data":85190}, "model":"bubblellaneous:block/padlock_door/jungle"},
        {"predicate":{"custom_model_data":85191}, "model":"bubblellaneous:block/padlock_door/oak"},
        {"predicate":{"custom_model_data":85192}, "model":"bubblellaneous:block/padlock_door/spruce"},
        {"predicate":{"custom_model_data":85193}, "model":"bubblellaneous:block/padlock_door/warped"},
        {"predicate":{"custom_model_data":85194}, "model":"bubblellaneous:item/padlock"},
        {"predicate":{"custom_model_data":85195}, "model":"bubblellaneous:item/key/blue"},
        {"predicate":{"custom_model_data":85196}, "model":"bubblellaneous:item/key/green"},
        {"predicate":{"custom_model_data":85197}, "model":"bubblellaneous:item/key/red"},
        {"predicate":{"custom_model_data":85198}, "model":"bubblellaneous:item/key/yellow"},
        {"predicate":{"custom_model_data":85199}, "model":"bubblellaneous:block/beartrap/close"},
        {"predicate":{"custom_model_data":85200}, "model":"bubblellaneous:block/beartrap/open"},
        {"predicate":{"custom_model_data":85201}, "model":"bubblellaneous:block/cctv_camera/classic"},
        {"predicate":{"custom_model_data":85202}, "model":"bubblellaneous:block/cctv_camera/handler"},
        {"predicate":{"custom_model_data":85203}, "model":"bubblellaneous:block/cctv_camera/camera"},
        {"predicate":{"custom_model_data":85204}, "model":"bubblellaneous:item/camera_terminal"},
        {"predicate":{"custom_model_data":85205}, "model":"bubblellaneous:block/sink"},
        {"predicate":{"custom_model_data":85206}, "model":"bubblellaneous:block/shower"},
        {"predicate":{"custom_model_data":85207}, "model":"bubblellaneous:block/toilet"},
        {"predicate":{"custom_model_data":85208}, "model":"bubblellaneous:item/crowbar"},
        {"predicate":{"custom_model_data":85209}, "model":"bubblellaneous:block/blinds/acacia"},
        {"predicate":{"custom_model_data":85210}, "model":"bubblellaneous:block/blinds/birch"},
        {"predicate":{"custom_model_data":85211}, "model":"bubblellaneous:block/blinds/crimson"},
        {"predicate":{"custom_model_data":85212}, "model":"bubblellaneous:block/blinds/dark_oak"},
        {"predicate":{"custom_model_data":85213}, "model":"bubblellaneous:block/blinds/jungle"},
        {"predicate":{"custom_model_data":85214}, "model":"bubblellaneous:block/blinds/oak"},
        {"predicate":{"custom_model_data":85215}, "model":"bubblellaneous:block/blinds/spruce"},
        {"predicate":{"custom_model_data":85216}, "model":"bubblellaneous:block/blinds/stone"},
        {"predicate":{"custom_model_data":85217}, "model":"bubblellaneous:block/blinds/warped"},
        {"predicate":{"custom_model_data":85218}, "model":"bubblellaneous:block/monitor/template"},
        {"predicate":{"custom_model_data":85219}, "model":"bubblellaneous:block/monitor/1"},
        {"predicate":{"custom_model_data":85220}, "model":"bubblellaneous:item/garlic_bread"},
        {"predicate":{"custom_model_data":85221}, "model":"bubblellaneous:block/box"},
        {"predicate":{"custom_model_data":85222}, "model":"bubblellaneous:item/umbrella"},
        {"predicate":{"custom_model_data":85223}, "model":"bubblellaneous:item/cheese"},
        {"predicate":{"custom_model_data":85224}, "model":"bubblellaneous:block/monitor/2"},
        { "predicate": {"custom_model_data": 5391}, "model": "minecraft:item/template"},
        { "predicate": {"custom_model_data": 5392}, "model": "minecraft:item/stonelog"},
        { "predicate": {"custom_model_data": 5393}, "model": "minecraft:item/testslab1"},
        { "predicate": {"custom_model_data": 5394}, "model": "minecraft:item/oakslab"},
        { "predicate": {"custom_model_data": 5395}, "model": "minecraft:item/birchslab"},
        { "predicate": {"custom_model_data": 5396}, "model": "minecraft:item/spruceslab"},
        { "predicate": {"custom_model_data": 5397}, "model": "minecraft:item/jungleslab"},
        { "predicate": {"custom_model_data": 5398}, "model": "minecraft:item/acaciaslab"},
        { "predicate": {"custom_model_data": 5399}, "model": "minecraft:item/darkoakslab"},
        { "predicate": {"custom_model_data": 53910}, "model": "minecraft:item/warpedslab"},
        { "predicate": {"custom_model_data": 53911}, "model": "minecraft:item/crimsonslab"},
        { "predicate": {"custom_model_data": 53912}, "model": "minecraft:item/mangroveslab"},
        { "predicate": {"custom_model_data": 53913}, "model": "minecraft:item/copper"},
        { "predicate": {"custom_model_data": 53914}, "model": "minecraft:item/exposed"},
        { "predicate": {"custom_model_data": 53915}, "model": "minecraft:item/weathered"},
        { "predicate": {"custom_model_data": 53916}, "model": "minecraft:item/oxidized"},
        { "predicate": {"custom_model_data": 53917}, "model": "minecraft:item/stoneslab"},
        { "predicate": {"custom_model_data": 53918}, "model": "minecraft:item/smoothstone"},
        { "predicate": {"custom_model_data": 53919}, "model": "minecraft:item/sandstoneslab"},
        { "predicate": {"custom_model_data": 53920}, "model": "minecraft:item/cutsandstone"},
        { "predicate": {"custom_model_data": 53921}, "model": "minecraft:item/cobble"},
        { "predicate": {"custom_model_data": 53922}, "model": "minecraft:item/brickslab"},
        { "predicate": {"custom_model_data": 53923}, "model": "minecraft:item/stonebrick"},
        { "predicate": {"custom_model_data": 53924}, "model": "minecraft:item/mudbrick"},
        { "predicate": {"custom_model_data": 53925}, "model": "minecraft:item/netherbrick"},
        { "predicate": {"custom_model_data": 53926}, "model": "minecraft:item/quartzslab"},
        { "predicate": {"custom_model_data": 53927}, "model": "minecraft:item/redsandstone"},
        { "predicate": {"custom_model_data": 53928}, "model": "minecraft:item/cutredsandstone"},
        { "predicate": {"custom_model_data": 53929}, "model": "minecraft:item/purpur"},
        { "predicate": {"custom_model_data": 53930}, "model": "minecraft:item/prismarineslab"},
        { "predicate": {"custom_model_data": 53931}, "model": "minecraft:item/prismarinebrick"},
        { "predicate": {"custom_model_data": 53932}, "model": "minecraft:item/darkprismarine"},
        { "predicate": {"custom_model_data": 53933}, "model": "minecraft:item/graniteslab"},
        { "predicate": {"custom_model_data": 53934}, "model": "minecraft:item/smoothredsandstone"},
        { "predicate": {"custom_model_data": 53935}, "model": "minecraft:item/mossbrick"},
        { "predicate": {"custom_model_data": 53936}, "model": "minecraft:item/dioriteslab"},
        { "predicate": {"custom_model_data": 53937}, "model": "minecraft:item/mosscobble"},
        { "predicate": {"custom_model_data": 53938}, "model": "minecraft:item/endbrick"},
        { "predicate": {"custom_model_data": 53939}, "model": "minecraft:item/smoothsandstone"},
        { "predicate": {"custom_model_data": 53940}, "model": "minecraft:item/smoothquartz"},
        { "predicate": {"custom_model_data": 53941}, "model": "minecraft:item/rawgranite"},
        { "predicate": {"custom_model_data": 53942}, "model": "minecraft:item/rawandesite"},
        { "predicate": {"custom_model_data": 53943}, "model": "minecraft:item/rednetherbrick"},
        { "predicate": {"custom_model_data": 53944}, "model": "minecraft:item/rawdiorite"},
        { "predicate": {"custom_model_data": 53945}, "model": "minecraft:item/polishedslate"},
        { "predicate": {"custom_model_data": 53946}, "model": "minecraft:item/cobbledslate"},
        { "predicate": {"custom_model_data": 53947}, "model": "minecraft:item/andesiteslab"},
        { "predicate": {"custom_model_data": 53948}, "model": "minecraft:item/slatetile"},
        { "predicate": {"custom_model_data": 53949}, "model": "minecraft:item/slatebrick"},
        { "predicate": {"custom_model_data": 53950}, "model": "minecraft:item/polishedblackstone"},
        { "predicate": {"custom_model_data": 53951}, "model": "minecraft:item/blackstoneslab"},
        { "predicate": {"custom_model_data": 53952}, "model": "minecraft:item/blackstonebrick"}
    ]
}