{
 "parent": "item/handheld",
 "textures": {
  "layer0": "item/warped_fungus_on_a_stick"
 },

 "overrides": [
  { "predicate": {"custom_model_data": 15109}, "model": "item/souls/light_blue"},
  { "predicate": {"custom_model_data": 15110}, "model": "item/souls/orange"},
  { "predicate": {"custom_model_data": 15111}, "model": "item/souls/blue"},
  { "predicate": {"custom_model_data": 15114}, "model": "item/souls/yellow"},
  { "predicate": {"custom_model_data": 15115}, "model": "item/souls/red"},
  { "predicate": {"custom_model_data": 15116}, "model": "item/souls/black"},
  { "predicate": {"custom_model_data": 65761}, "model": "item/regular/lefthand"},
  { "predicate": {"custom_model_data": 65762}, "model": "item/regular/righthand"},
  { "predicate": {"custom_model_data": 65763}, "model": "item/regular/dtrighthand"},
  { "predicate": {"custom_model_data": 65764}, "model": "item/regular/dtlefthand"},
  { "predicate": {"custom_model_data": 65765}, "model": "item/regular/ptrighthand"},
  { "predicate": {"custom_model_data": 65766}, "model": "item/regular/ptlefthand"},
  { "predicate": {"custom_model_data": 65767}, "model": "item/regular/intrighthand"},
  { "predicate": {"custom_model_data": 65768}, "model": "item/regular/intlefthand"},
  { "predicate": {"custom_model_data": 65769}, "model": "item/regular/jusrighthand"},
  { "predicate": {"custom_model_data": 65770}, "model": "item/regular/juslefthand"},
  { "predicate": {"custom_model_data": 65771}, "model": "item/regular/kindrighthand"},
  { "predicate": {"custom_model_data": 65772}, "model": "item/regular/kindlefthand"},
  { "predicate": {"custom_model_data": 65773}, "model": "item/regular/braverighthand"},
  { "predicate": {"custom_model_data": 65774}, "model": "item/regular/bravelefthand"},
  { "predicate": {"custom_model_data": 65775}, "model": "item/regular/perighthand"},
  { "predicate": {"custom_model_data": 65776}, "model": "item/regular/pelefthand"},
  
  { "predicate": {"custom_model_data": 65777}, "model": "item/monotone/use"},
  { "predicate": {"custom_model_data": 65778}, "model": "item/monotone/dt"},
  { "predicate": {"custom_model_data": 65779}, "model": "item/monotone/jus"},
  { "predicate": {"custom_model_data": 65780}, "model": "item/monotone/kind"},
  { "predicate": {"custom_model_data": 65781}, "model": "item/monotone/brave"},
  { "predicate": {"custom_model_data": 65782}, "model": "item/monotone/pt"},
  { "predicate": {"custom_model_data": 65783}, "model": "item/monotone/int"},
  { "predicate": {"custom_model_data": 65784}, "model": "item/monotone/pe"},

  { "predicate": {"custom_model_data": 65861}, "model": "item/duality/righthand"},
  { "predicate": {"custom_model_data": 65862}, "model": "item/duality/lefthand"},
  { "predicate": {"custom_model_data": 65863}, "model": "item/duality/dtlefthand"},
  { "predicate": {"custom_model_data": 65864}, "model": "item/duality/dtrighthand"},
  { "predicate": {"custom_model_data": 65865}, "model": "item/duality/ptlefthand"},
  { "predicate": {"custom_model_data": 65866}, "model": "item/duality/ptrighthand"},
  { "predicate": {"custom_model_data": 65867}, "model": "item/duality/intlefthand"},
  { "predicate": {"custom_model_data": 65868}, "model": "item/duality/intrighthand"},
  { "predicate": {"custom_model_data": 65869}, "model": "item/duality/juslefthand"},
  { "predicate": {"custom_model_data": 65870}, "model": "item/duality/jusrighthand"},
  { "predicate": {"custom_model_data": 65871}, "model": "item/duality/kindlefthand"},
  { "predicate": {"custom_model_data": 65872}, "model": "item/duality/kindrighthand"},
  { "predicate": {"custom_model_data": 65873}, "model": "item/duality/bravelefthand"},
  { "predicate": {"custom_model_data": 65874}, "model": "item/duality/braverighthand"},
  { "predicate": {"custom_model_data": 65875}, "model": "item/duality/pelefthand"},
  { "predicate": {"custom_model_data": 65876}, "model": "item/duality/perighthand"},
  { "predicate": {"custom_model_data": 65877}, "model": "item/duality/chroma/red"},
  { "predicate": {"custom_model_data": 65878}, "model": "item/duality/chroma/yellow"},
  { "predicate": {"custom_model_data": 65879}, "model": "item/duality/chroma/green"},
  { "predicate": {"custom_model_data": 65880}, "model": "item/duality/chroma/orange"},
  { "predicate": {"custom_model_data": 65881}, "model": "item/duality/chroma/cyan"},
  { "predicate": {"custom_model_data": 65882}, "model": "item/duality/chroma/blue"},
  { "predicate": {"custom_model_data": 65883}, "model": "item/duality/chroma/purple"},
  { "predicate": {"custom_model_data": 65884}, "model": "item/duality/punchlhand"},
  { "predicate": {"custom_model_data": 65885}, "model": "item/duality/punchrhand"},
  { "predicate": {"custom_model_data": 72101}, "model": "item/blaster/twohands/gui"},
  { "predicate": {"custom_model_data": 72102}, "model": "item/sevenhands"},
  { "predicate": {"custom_model_data": 72103}, "model": "item/monotone"},
  { "predicate": {"custom_model_data": 72104}, "model": "item/duality"},
  { "predicate": {"custom_model_data": 72105}, "model": "item/blaster/duality/gui"},
  { "predicate": {"custom_model_data": 72106}, "model": "item/polychromatism"},
  { "predicate": {"custom_model_data": 72107}, "model": "item/blaster/polychroma/gui"},
  { "predicate": {"custom_model_data": 741311}, "model": "item/bone_spike"},
  { "predicate": {"custom_model_data": 741312}, "model": "item/bone_barrage"},
  { "predicate": {"custom_model_data": 741313}, "model": "item/gblaster"},
  { "predicate": {"custom_model_data": 741314}, "model": "item/multi_blaster"},
  { "predicate": {"custom_model_data": 741315}, "model": "item/blue_magic"},
  { "predicate": {"custom_model_data": 741316}, "model": "item/special_attack"},
  { "predicate": {"custom_model_data": 9019103}, "model": "item/knife/dt"},
  { "predicate": {"custom_model_data": 9019104}, "model": "item/knife/ki"},
  { "predicate": {"custom_model_data": 9019105}, "model": "item/knife/ju"},
  { "predicate": {"custom_model_data": 9019106}, "model": "item/knife/pe"},
  { "predicate": {"custom_model_data": 9019107}, "model": "item/knife/ba"},
  { "predicate": {"custom_model_data": 9019108}, "model": "item/knife/pa"},
  { "predicate": {"custom_model_data": 9019109}, "model": "item/knife/in"},
  { "predicate": {"custom_model_data": 9019110}, "model": "item/knife/stone"},
  { "predicate": {"custom_model_data": 9019111}, "model": "item/knife/hate"},
  {"predicate": {"custom_model_data": 100008},"model": "wyvernity:soulorbs/soul_orb_empty"},
  {"predicate": {"custom_model_data": 100009},"model": "wyvernity:soulorbs/soul_orb_captured"}
 ]
}