[
  
  {
    "function": "minecraft:set_nbt",
    "tag": "{AttributeModifiers:[{Amount:5.0d,AttributeName:'minecraft:generic.attack_damage',Operation:0,Slot:'mainhand',UUID:[I;-739042471,1846562655,-1122293582,-2008897641]},{Amount:-2.4d,AttributeName:'minecraft:generic.attack_speed',Operation:0,Slot:'mainhand',UUID:[I;1544381066,-2043850842,-1671440432,1174935264]}]}"
  },
  {
    "function": "minecraft:set_attributes",
    "modifiers": [
      {
        "attribute": "minecraft:generic.attack_damage",
        "name": "",
        "amount": {
          "type": "minecraft:score",
          "target": "this",
          "score": "FDO5"
        },
        "operation": "addition",
        "id": "9e3da171-6ce5-4ae1-9efd-cc99573de1ef",
        "slot": "mainhand"
      }
      
    ]
  }
]
