{
	"credit": "Made RU___goblin",
	"texture_size": [128, 128],
	"textures": {
		"0": "item/hand_drill_4.0",
		"2": "item/drill_anim",
		"particle": "item/hand_drill_4.0"
	},
	"elements": [
		{
			"from": [5, 2, 10],
			"to": [11, 8, 12],
			"faces": {
				"north": {"uv": [0, 0, 4, 4], "texture": "#0"},
				"east": {"uv": [4.25, 6, 2.25, 12], "texture": "#0"},
				"south": {"uv": [4, 0, 8, 4], "texture": "#0"},
				"west": {"uv": [0, 6, 2, 12], "texture": "#0"},
				"up": {"uv": [4.25, 12, 2.25, 6], "rotation": 90, "texture": "#0"},
				"down": {"uv": [2.25, 12, 4.25, 6], "rotation": 90, "texture": "#0"}
			}
		},
		{
			"from": [5, 2, 15],
			"to": [11, 8, 16],
			"faces": {
				"north": {"uv": [4, 0, 8, 4], "texture": "#0"},
				"east": {"uv": [4.5, 8.25, 10.5, 9.25], "rotation": 90, "texture": "#0"},
				"south": {"uv": [8, 0, 12, 4], "texture": "#0"},
				"west": {"uv": [4.5, 8.25, 10.5, 9.25], "rotation": 90, "texture": "#0"},
				"up": {"uv": [10.5, 9.25, 4.5, 8.25], "texture": "#0"},
				"down": {"uv": [10.5, 8.25, 4.5, 9.25], "texture": "#0"}
			}
		},
		{
			"from": [7.5, 8, 11],
			"to": [8.5, 9, 16],
			"faces": {
				"north": {"uv": [4.5, 11, 5.5, 12], "texture": "#0"},
				"east": {"uv": [10.75, 11, 5.75, 12], "texture": "#0"},
				"south": {"uv": [4.5, 11, 5.5, 12], "texture": "#0"},
				"west": {"uv": [5.75, 11, 10.75, 12], "texture": "#0"},
				"up": {"uv": [5.75, 12, 10.75, 11], "rotation": 90, "texture": "#0"},
				"down": {"uv": [5.75, 12, 10.75, 11], "rotation": 90, "texture": "#0"}
			}
		},
		{
			"from": [11, 4.5, 11],
			"to": [12, 5.5, 16],
			"faces": {
				"north": {"uv": [4.5, 11, 5.5, 12], "texture": "#0"},
				"east": {"uv": [10.75, 11, 5.75, 12], "texture": "#0"},
				"south": {"uv": [4.5, 11, 5.5, 12], "texture": "#0"},
				"west": {"uv": [5.75, 11, 10.75, 12], "texture": "#0"},
				"up": {"uv": [5.75, 12, 10.75, 11], "rotation": 90, "texture": "#0"},
				"down": {"uv": [5.75, 12, 10.75, 11], "rotation": 90, "texture": "#0"}
			}
		},
		{
			"from": [7.5, 1, 11],
			"to": [8.5, 2, 16],
			"faces": {
				"north": {"uv": [4.5, 11, 5.5, 12], "texture": "#0"},
				"east": {"uv": [10.75, 11, 5.75, 12], "texture": "#0"},
				"south": {"uv": [4.5, 11, 5.5, 12], "texture": "#0"},
				"west": {"uv": [5.75, 11, 10.75, 12], "texture": "#0"},
				"up": {"uv": [5.75, 12, 10.75, 11], "rotation": 90, "texture": "#0"},
				"down": {"uv": [5.75, 12, 10.75, 11], "rotation": 90, "texture": "#0"}
			}
		},
		{
			"from": [5.5, 2.5, 16],
			"to": [10.5, 7.5, 17],
			"faces": {
				"north": {"uv": [4.25, 0.25, 7.75, 3.75], "texture": "#0"},
				"east": {"uv": [6.75, 8, 10.75, 7], "rotation": 90, "texture": "#0"},
				"south": {"uv": [12, 0, 16, 4], "texture": "#0"},
				"west": {"uv": [6.75, 7, 10.75, 8], "rotation": 90, "texture": "#0"},
				"up": {"uv": [10.75, 8, 6.75, 7], "texture": "#0"},
				"down": {"uv": [10.75, 7, 6.75, 8], "texture": "#0"}
			}
		},
		{
			"from": [5.5, 2.5, 8.8],
			"to": [10.5, 7.5, 10],
			"faces": {
				"north": {"uv": [4, 0, 8, 4], "texture": "#0"},
				"east": {"uv": [4.5, 9.5, 9.5, 10.75], "rotation": 90, "texture": "#0"},
				"south": {"uv": [4, 0, 8, 4], "texture": "#0"},
				"west": {"uv": [4.5, 9.5, 9.5, 10.75], "rotation": 90, "texture": "#0"},
				"up": {"uv": [9.5, 10.75, 4.5, 9.5], "texture": "#0"},
				"down": {"uv": [9.5, 9.5, 4.5, 10.75], "texture": "#0"}
			}
		},
		{
			"from": [6, 7.45, 9.275],
			"to": [7.5, 8.525, 10.75],
			"faces": {
				"north": {"uv": [11.75, 10.5, 13.75, 11.99375], "texture": "#0"},
				"east": {"uv": [4.5, 6.5, 6.49375, 7.99375], "texture": "#0"},
				"south": {"uv": [4.5, 6.5, 6.5, 7.99375], "texture": "#0"},
				"west": {"uv": [4.5, 6.5, 6.49375, 7.99375], "texture": "#0"},
				"up": {"uv": [11.75, 8.25, 13.75, 10.24375], "texture": "#0"},
				"down": {"uv": [11.75, 8.25, 13.75, 10.24375], "texture": "#0"}
			}
		},
		{
			"from": [6, 1.45, 9.275],
			"to": [7.5, 2.525, 10.75],
			"faces": {
				"north": {"uv": [11.75, 10.5, 13.75, 11.99375], "texture": "#0"},
				"east": {"uv": [4.5, 6.5, 6.49375, 7.99375], "texture": "#0"},
				"south": {"uv": [4.5, 6.5, 6.5, 7.99375], "texture": "#0"},
				"west": {"uv": [4.5, 6.5, 6.49375, 7.99375], "texture": "#0"},
				"up": {"uv": [11.75, 8.25, 13.75, 10.24375], "texture": "#0"},
				"down": {"uv": [11.75, 8.25, 13.75, 10.24375], "texture": "#0"}
			}
		},
		{
			"name": "ЛампОЧКА",
			"from": [4.55, 4.25, 10.25],
			"to": [5, 5.75, 11.75],
			"faces": {
				"north": {"uv": [0.24821, 9.50469, 1.74375, 9.75], "rotation": 270, "texture": "#0"},
				"east": {"uv": [0.24375, 8.24375, 1.7442, 9.75547], "texture": "#0"},
				"south": {"uv": [0.24821, 9.50469, 1.74375, 9.75], "rotation": 270, "texture": "#0"},
				"west": {"uv": [0.25, 8.25, 1.75, 9.75], "texture": "#0"},
				"up": {"uv": [0.24821, 9.50469, 1.74375, 9.75], "rotation": 270, "texture": "#0"},
				"down": {"uv": [0.24821, 9.50469, 1.74375, 9.75], "rotation": 270, "texture": "#0"}
			}
		},
		{
			"from": [5.25, 2.25, 7.3],
			"to": [10.75, 7.75, 8.8],
			"faces": {
				"north": {"uv": [0, 6.83195, 2.66528, 9.5], "texture": "#2"},
				"east": {"uv": [0, 0, 4, 1.33194], "rotation": 270, "texture": "#2"},
				"south": {"uv": [0, 9.65555, 2.65556, 12.33194], "texture": "#2"},
				"west": {"uv": [0, 0, 4, 1.33194], "rotation": 90, "texture": "#2"},
				"up": {"uv": [4, 1.33194, 0, 0], "texture": "#2"},
				"down": {"uv": [0, 0, 4, 1.33194], "texture": "#2"}
			}
		},
		{
			"from": [5.5, 2.5, 5.8],
			"to": [10.5, 7.5, 7.3],
			"faces": {
				"north": {"uv": [0, 6.83195, 2.66528, 9.5], "texture": "#2"},
				"east": {"uv": [0, 1.5, 4, 3.16388], "rotation": 270, "texture": "#2"},
				"south": {"uv": [0.17223, 12.66805, 2.83334, 15.33194], "rotation": 270, "texture": "#2"},
				"west": {"uv": [4, 3.16388, 0, 1.5], "rotation": 270, "texture": "#2"},
				"up": {"uv": [0, 1.5, 4, 3.16388], "rotation": 180, "texture": "#2"},
				"down": {"uv": [0, 1.5, 4, 3.16388], "texture": "#2"}
			}
		},
		{
			"from": [5.75, 2.75, 4.3],
			"to": [10.25, 7.25, 5.8],
			"faces": {
				"north": {"uv": [0, 6.83195, 2.66528, 9.5], "texture": "#2"},
				"east": {"uv": [0.17223, 1.5, 3.82778, 3.16945], "rotation": 270, "texture": "#2"},
				"south": {"uv": [0.17223, 12.66805, 2.83334, 15.33194], "texture": "#2"},
				"west": {"uv": [0.17223, 1.5, 3.82778, 3.16945], "rotation": 90, "texture": "#2"},
				"up": {"uv": [3.82778, 3.16945, 0.17223, 1.5], "texture": "#2"},
				"down": {"uv": [0.17223, 1.5, 3.82778, 3.16945], "texture": "#2"}
			}
		},
		{
			"from": [6, 3, 2.8],
			"to": [10, 7, 4.3],
			"faces": {
				"north": {"uv": [0, 6.83195, 2.66528, 9.5], "texture": "#2"},
				"east": {"uv": [0.33194, 1.4986, 3.66527, 3.16528], "rotation": 270, "texture": "#2"},
				"south": {"uv": [0.17223, 12.66805, 2.83334, 15.33194], "texture": "#2"},
				"west": {"uv": [0.33194, 1.49861, 3.66527, 3.16528], "rotation": 90, "texture": "#2"},
				"up": {"uv": [3.66527, 3.16528, 0.33194, 1.49861], "texture": "#2"},
				"down": {"uv": [0.33194, 1.49861, 3.66527, 3.16528], "texture": "#2"}
			}
		},
		{
			"from": [6.25, 3.25, 1.3],
			"to": [9.75, 6.75, 2.8],
			"faces": {
				"north": {"uv": [0, 6.83195, 2.66528, 9.5], "texture": "#2"},
				"east": {"uv": [0.33194, 1.5, 3.66667, 3.16666], "rotation": 270, "texture": "#2"},
				"south": {"uv": [0.17223, 12.66805, 2.83334, 15.33194], "texture": "#2"},
				"west": {"uv": [0.33194, 1.5, 3.66667, 3.16666], "rotation": 90, "texture": "#2"},
				"up": {"uv": [3.66667, 3.16666, 0.33194, 1.5], "texture": "#2"},
				"down": {"uv": [0.33194, 1.5, 3.66667, 3.16666], "texture": "#2"}
			}
		},
		{
			"from": [6.5, 3.5, -0.2],
			"to": [9.5, 6.5, 1.3],
			"faces": {
				"north": {"uv": [0, 6.83195, 2.66528, 9.5], "texture": "#2"},
				"east": {"uv": [0.5, 1.5, 3.49861, 3.16528], "rotation": 270, "texture": "#2"},
				"south": {"uv": [0.17223, 12.66805, 2.83334, 15.33194], "texture": "#2"},
				"west": {"uv": [0.5, 1.5, 3.49861, 3.16528], "rotation": 90, "texture": "#2"},
				"up": {"uv": [3.49861, 3.16528, 0.5, 1.5], "texture": "#2"},
				"down": {"uv": [0.5, 1.5, 3.49861, 3.16528], "texture": "#2"}
			}
		},
		{
			"from": [6.75, 3.75, -1.2],
			"to": [9.25, 6.25, -0.2],
			"faces": {
				"north": {"uv": [0, 6.83195, 2.66528, 9.5], "texture": "#2"},
				"east": {"uv": [0.5, 2.1639, 3.50139, 3.16527], "rotation": 270, "texture": "#2"},
				"south": {"uv": [0.17223, 12.66805, 2.83334, 15.33194], "texture": "#2"},
				"west": {"uv": [0.5, 2.16389, 3.50139, 3.16527], "rotation": 90, "texture": "#2"},
				"up": {"uv": [3.50139, 3.16527, 0.5, 2.16389], "texture": "#2"},
				"down": {"uv": [0.5, 2.16389, 3.50139, 3.16527], "texture": "#2"}
			}
		},
		{
			"from": [7, 4, -2.2],
			"to": [9, 6, -1.2],
			"faces": {
				"north": {"uv": [0, 6.83195, 2.66528, 9.5], "texture": "#2"},
				"east": {"uv": [0.66805, 2.16806, 3.33194, 3.16388], "rotation": 270, "texture": "#2"},
				"south": {"uv": [0.17223, 12.66805, 2.83334, 15.33194], "texture": "#2"},
				"west": {"uv": [0.66805, 2.16805, 3.33194, 3.16389], "rotation": 90, "texture": "#2"},
				"up": {"uv": [3.33194, 3.16389, 0.66805, 2.16805], "texture": "#2"},
				"down": {"uv": [0.66805, 2.16805, 3.33194, 3.16389], "texture": "#2"}
			}
		},
		{
			"from": [7.25, 4.25, -3.2],
			"to": [8.75, 5.75, -2.2],
			"faces": {
				"north": {"uv": [0, 6.83195, 2.66528, 9.5], "texture": "#2"},
				"east": {"uv": [1, 2.16805, 3, 3.16389], "rotation": 270, "texture": "#2"},
				"south": {"uv": [0.17223, 12.66805, 2.83334, 15.33194], "texture": "#2"},
				"west": {"uv": [1, 2.16805, 3, 3.16389], "rotation": 90, "texture": "#2"},
				"up": {"uv": [3, 3.16389, 1, 2.16805], "texture": "#2"},
				"down": {"uv": [1, 2.16805, 3, 3.16389], "texture": "#2"}
			}
		},
		{
			"from": [7.5, 4.5, -4.2],
			"to": [8.5, 5.5, -3.2],
			"faces": {
				"north": {"uv": [0, 4, 2.66389, 6.66389], "texture": "#2"},
				"east": {"uv": [2.16666, 3.16389, 1.33333, 1.5], "rotation": 90, "texture": "#2"},
				"south": {"uv": [0.16806, 12.66805, 2.83334, 15.33194], "texture": "#2"},
				"west": {"uv": [1.33333, 1.5, 2.16666, 3.16388], "rotation": 90, "texture": "#2"},
				"up": {"uv": [2.16666, 3.16389, 1.33333, 1.49999], "texture": "#2"},
				"down": {"uv": [1.33333, 1.5, 2.16666, 3.16388], "texture": "#2"}
			}
		},
		{
			"from": [6.575, -1.175, 7.3],
			"to": [12.075, 4.325, 8.8],
			"rotation": {"angle": 22.5, "axis": "z", "origin": [0, 0, 0]},
			"faces": {
				"north": {"uv": [4, 6.83195, 6.66528, 9.5], "texture": "#2"},
				"east": {"uv": [4, 0, 8, 1.33194], "rotation": 270, "texture": "#2"},
				"south": {"uv": [4, 9.65555, 6.65556, 12.33194], "texture": "#2"},
				"west": {"uv": [4, 0, 8, 1.33194], "rotation": 90, "texture": "#2"},
				"up": {"uv": [8, 1.33194, 4, 0], "texture": "#2"},
				"down": {"uv": [4, 0, 8, 1.33194], "texture": "#2"}
			}
		},
		{
			"from": [6.825, -0.925, 5.8],
			"to": [11.825, 4.075, 7.3],
			"rotation": {"angle": 22.5, "axis": "z", "origin": [0, 0, 0]},
			"faces": {
				"north": {"uv": [4, 6.83195, 6.66528, 9.5], "texture": "#2"},
				"east": {"uv": [4, 1.5, 8, 3.16388], "rotation": 270, "texture": "#2"},
				"south": {"uv": [4.17223, 12.66805, 6.83334, 15.33194], "rotation": 270, "texture": "#2"},
				"west": {"uv": [8, 3.16388, 4, 1.5], "rotation": 270, "texture": "#2"},
				"up": {"uv": [4, 1.5, 8, 3.16388], "rotation": 180, "texture": "#2"},
				"down": {"uv": [4, 1.5, 8, 3.16388], "texture": "#2"}
			}
		},
		{
			"from": [7.075, -0.675, 4.3],
			"to": [11.575, 3.825, 5.8],
			"rotation": {"angle": 22.5, "axis": "z", "origin": [0, 0, 0]},
			"faces": {
				"north": {"uv": [4, 6.83195, 6.66528, 9.5], "texture": "#2"},
				"east": {"uv": [4.17223, 1.5, 7.82778, 3.16945], "rotation": 270, "texture": "#2"},
				"south": {"uv": [4.17223, 12.66805, 6.83334, 15.33194], "texture": "#2"},
				"west": {"uv": [4.17223, 1.5, 7.82778, 3.16945], "rotation": 90, "texture": "#2"},
				"up": {"uv": [7.82778, 3.16945, 4.17223, 1.5], "texture": "#2"},
				"down": {"uv": [4.17223, 1.5, 7.82778, 3.16945], "texture": "#2"}
			}
		},
		{
			"from": [7.325, -0.425, 2.8],
			"to": [11.325, 3.575, 4.3],
			"rotation": {"angle": 22.5, "axis": "z", "origin": [0, 0, 0]},
			"faces": {
				"north": {"uv": [4, 6.83195, 6.66528, 9.5], "texture": "#2"},
				"east": {"uv": [4.33194, 1.4986, 7.66527, 3.16528], "rotation": 270, "texture": "#2"},
				"south": {"uv": [4.17223, 12.66805, 6.83334, 15.33194], "texture": "#2"},
				"west": {"uv": [4.33194, 1.49861, 7.66527, 3.16528], "rotation": 90, "texture": "#2"},
				"up": {"uv": [7.66527, 3.16528, 4.33194, 1.49861], "texture": "#2"},
				"down": {"uv": [4.33194, 1.49861, 7.66527, 3.16528], "texture": "#2"}
			}
		},
		{
			"from": [7.575, -0.175, 1.3],
			"to": [11.075, 3.325, 2.8],
			"rotation": {"angle": 22.5, "axis": "z", "origin": [0, 0, 0]},
			"faces": {
				"north": {"uv": [4, 6.83195, 6.66528, 9.5], "texture": "#2"},
				"east": {"uv": [4.33194, 1.5, 7.66667, 3.16666], "rotation": 270, "texture": "#2"},
				"south": {"uv": [4.17223, 12.66805, 6.83334, 15.33194], "texture": "#2"},
				"west": {"uv": [4.33194, 1.5, 7.66667, 3.16666], "rotation": 90, "texture": "#2"},
				"up": {"uv": [7.66667, 3.16666, 4.33194, 1.5], "texture": "#2"},
				"down": {"uv": [4.33194, 1.5, 7.66667, 3.16666], "texture": "#2"}
			}
		},
		{
			"from": [7.825, 0.075, -0.2],
			"to": [10.825, 3.075, 1.3],
			"rotation": {"angle": 22.5, "axis": "z", "origin": [0, 0, 0]},
			"faces": {
				"north": {"uv": [4, 6.83195, 6.66528, 9.5], "texture": "#2"},
				"east": {"uv": [4.5, 1.5, 7.49861, 3.16528], "rotation": 270, "texture": "#2"},
				"south": {"uv": [4.17223, 12.66805, 6.83334, 15.33194], "texture": "#2"},
				"west": {"uv": [4.5, 1.5, 7.49861, 3.16528], "rotation": 90, "texture": "#2"},
				"up": {"uv": [7.49861, 3.16528, 4.5, 1.5], "texture": "#2"},
				"down": {"uv": [4.5, 1.5, 7.49861, 3.16528], "texture": "#2"}
			}
		},
		{
			"from": [8.075, 0.325, -1.2],
			"to": [10.575, 2.825, -0.2],
			"rotation": {"angle": 22.5, "axis": "z", "origin": [0, 0, 0]},
			"faces": {
				"north": {"uv": [4, 6.83195, 6.66528, 9.5], "texture": "#2"},
				"east": {"uv": [4.5, 2.1639, 7.50139, 3.16527], "rotation": 270, "texture": "#2"},
				"south": {"uv": [4.17223, 12.66805, 6.83334, 15.33194], "texture": "#2"},
				"west": {"uv": [4.5, 2.16389, 7.50139, 3.16527], "rotation": 90, "texture": "#2"},
				"up": {"uv": [7.50139, 3.16527, 4.5, 2.16389], "texture": "#2"},
				"down": {"uv": [4.5, 2.16389, 7.50139, 3.16527], "texture": "#2"}
			}
		},
		{
			"from": [8.325, 0.575, -2.2],
			"to": [10.325, 2.575, -1.2],
			"rotation": {"angle": 22.5, "axis": "z", "origin": [0, 0, 0]},
			"faces": {
				"north": {"uv": [4, 6.83195, 6.66528, 9.5], "texture": "#2"},
				"east": {"uv": [4.66805, 2.16806, 7.33194, 3.16388], "rotation": 270, "texture": "#2"},
				"south": {"uv": [4.17223, 12.66805, 6.83334, 15.33194], "texture": "#2"},
				"west": {"uv": [4.66805, 2.16805, 7.33194, 3.16389], "rotation": 90, "texture": "#2"},
				"up": {"uv": [7.33194, 3.16389, 4.66805, 2.16805], "texture": "#2"},
				"down": {"uv": [4.66805, 2.16805, 7.33194, 3.16389], "texture": "#2"}
			}
		},
		{
			"from": [8.575, 0.825, -3.2],
			"to": [10.075, 2.325, -2.2],
			"rotation": {"angle": 22.5, "axis": "z", "origin": [0, 0, 0]},
			"faces": {
				"north": {"uv": [4, 6.83195, 6.66528, 9.5], "texture": "#2"},
				"east": {"uv": [5, 2.16805, 7, 3.16389], "rotation": 270, "texture": "#2"},
				"south": {"uv": [4.17223, 12.66805, 6.83334, 15.33194], "texture": "#2"},
				"west": {"uv": [5, 2.16805, 7, 3.16389], "rotation": 90, "texture": "#2"},
				"up": {"uv": [7, 3.16389, 5, 2.16805], "texture": "#2"},
				"down": {"uv": [5, 2.16805, 7, 3.16389], "texture": "#2"}
			}
		},
		{
			"from": [8.825, 1.075, -4.2],
			"to": [9.825, 2.075, -3.2],
			"rotation": {"angle": 22.5, "axis": "z", "origin": [0, 0, 0]},
			"faces": {
				"north": {"uv": [4, 4, 6.66389, 6.66389], "texture": "#2"},
				"east": {"uv": [6.16666, 3.16389, 5.33333, 1.5], "rotation": 90, "texture": "#2"},
				"south": {"uv": [4.16806, 12.66805, 6.83334, 15.33194], "texture": "#2"},
				"west": {"uv": [5.33333, 1.5, 6.16666, 3.16388], "rotation": 90, "texture": "#2"},
				"up": {"uv": [6.16666, 3.16389, 5.33333, 1.49999], "texture": "#2"},
				"down": {"uv": [5.33333, 1.5, 6.16666, 3.16388], "texture": "#2"}
			}
		},
		{
			"from": [6.45, -4.8, 7.3],
			"to": [11.95, 0.7, 8.8],
			"rotation": {"angle": 45, "axis": "z", "origin": [0, 0, 0]},
			"faces": {
				"north": {"uv": [8, 6.83195, 10.66528, 9.5], "texture": "#2"},
				"east": {"uv": [8, 0, 12, 1.33194], "rotation": 270, "texture": "#2"},
				"south": {"uv": [8, 9.65555, 10.65556, 12.33194], "texture": "#2"},
				"west": {"uv": [8, 0, 12, 1.33194], "rotation": 90, "texture": "#2"},
				"up": {"uv": [12, 1.33194, 8, 0], "texture": "#2"},
				"down": {"uv": [8, 0, 12, 1.33194], "texture": "#2"}
			}
		},
		{
			"from": [6.7, -4.55, 5.8],
			"to": [11.7, 0.45, 7.3],
			"rotation": {"angle": 45, "axis": "z", "origin": [0, 0, 0]},
			"faces": {
				"north": {"uv": [8, 6.83195, 10.66528, 9.5], "texture": "#2"},
				"east": {"uv": [8, 1.5, 12, 3.16388], "rotation": 270, "texture": "#2"},
				"south": {"uv": [8.17223, 12.66805, 10.83334, 15.33194], "rotation": 270, "texture": "#2"},
				"west": {"uv": [12, 3.16388, 8, 1.5], "rotation": 270, "texture": "#2"},
				"up": {"uv": [8, 1.5, 12, 3.16388], "rotation": 180, "texture": "#2"},
				"down": {"uv": [8, 1.5, 12, 3.16388], "texture": "#2"}
			}
		},
		{
			"from": [6.95, -4.3, 4.3],
			"to": [11.45, 0.2, 5.8],
			"rotation": {"angle": 45, "axis": "z", "origin": [0, 0, 0]},
			"faces": {
				"north": {"uv": [8, 6.83195, 10.66528, 9.5], "texture": "#2"},
				"east": {"uv": [8.17223, 1.5, 11.82778, 3.16945], "rotation": 270, "texture": "#2"},
				"south": {"uv": [8.17223, 12.66805, 10.83334, 15.33194], "texture": "#2"},
				"west": {"uv": [8.17223, 1.5, 11.82778, 3.16945], "rotation": 90, "texture": "#2"},
				"up": {"uv": [11.82778, 3.16945, 8.17223, 1.5], "texture": "#2"},
				"down": {"uv": [8.17223, 1.5, 11.82778, 3.16945], "texture": "#2"}
			}
		},
		{
			"from": [7.2, -4.05, 2.8],
			"to": [11.2, -0.05, 4.3],
			"rotation": {"angle": 45, "axis": "z", "origin": [0, 0, 0]},
			"faces": {
				"north": {"uv": [8, 6.83195, 10.66528, 9.5], "texture": "#2"},
				"east": {"uv": [8.33194, 1.4986, 11.66527, 3.16528], "rotation": 270, "texture": "#2"},
				"south": {"uv": [8.17223, 12.66805, 10.83334, 15.33194], "texture": "#2"},
				"west": {"uv": [8.33194, 1.49861, 11.66527, 3.16528], "rotation": 90, "texture": "#2"},
				"up": {"uv": [11.66527, 3.16528, 8.33194, 1.49861], "texture": "#2"},
				"down": {"uv": [8.33194, 1.49861, 11.66527, 3.16528], "texture": "#2"}
			}
		},
		{
			"from": [7.45, -3.8, 1.3],
			"to": [10.95, -0.3, 2.8],
			"rotation": {"angle": 45, "axis": "z", "origin": [0, 0, 0]},
			"faces": {
				"north": {"uv": [8, 6.83195, 10.66528, 9.5], "texture": "#2"},
				"east": {"uv": [8.33194, 1.5, 11.66667, 3.16666], "rotation": 270, "texture": "#2"},
				"south": {"uv": [8.17223, 12.66805, 10.83334, 15.33194], "texture": "#2"},
				"west": {"uv": [8.33194, 1.5, 11.66667, 3.16666], "rotation": 90, "texture": "#2"},
				"up": {"uv": [11.66667, 3.16666, 8.33194, 1.5], "texture": "#2"},
				"down": {"uv": [8.33194, 1.5, 11.66667, 3.16666], "texture": "#2"}
			}
		},
		{
			"from": [7.7, -3.55, -0.2],
			"to": [10.7, -0.55, 1.3],
			"rotation": {"angle": 45, "axis": "z", "origin": [0, 0, 0]},
			"faces": {
				"north": {"uv": [8, 6.83195, 10.66528, 9.5], "texture": "#2"},
				"east": {"uv": [8.5, 1.5, 11.49861, 3.16528], "rotation": 270, "texture": "#2"},
				"south": {"uv": [8.17223, 12.66805, 10.83334, 15.33194], "texture": "#2"},
				"west": {"uv": [8.5, 1.5, 11.49861, 3.16528], "rotation": 90, "texture": "#2"},
				"up": {"uv": [11.49861, 3.16528, 8.5, 1.5], "texture": "#2"},
				"down": {"uv": [8.5, 1.5, 11.49861, 3.16528], "texture": "#2"}
			}
		},
		{
			"from": [7.95, -3.3, -1.2],
			"to": [10.45, -0.8, -0.2],
			"rotation": {"angle": 45, "axis": "z", "origin": [0, 0, 0]},
			"faces": {
				"north": {"uv": [8, 6.83195, 10.66528, 9.5], "texture": "#2"},
				"east": {"uv": [8.5, 2.1639, 11.50139, 3.16527], "rotation": 270, "texture": "#2"},
				"south": {"uv": [8.17223, 12.66805, 10.83334, 15.33194], "texture": "#2"},
				"west": {"uv": [8.5, 2.16389, 11.50139, 3.16527], "rotation": 90, "texture": "#2"},
				"up": {"uv": [11.50139, 3.16527, 8.5, 2.16389], "texture": "#2"},
				"down": {"uv": [8.5, 2.16389, 11.50139, 3.16527], "texture": "#2"}
			}
		},
		{
			"from": [8.2, -3.05, -2.2],
			"to": [10.2, -1.05, -1.2],
			"rotation": {"angle": 45, "axis": "z", "origin": [0, 0, 0]},
			"faces": {
				"north": {"uv": [8, 6.83195, 10.66528, 9.5], "texture": "#2"},
				"east": {"uv": [8.66805, 2.16806, 11.33194, 3.16388], "rotation": 270, "texture": "#2"},
				"south": {"uv": [8.17223, 12.66805, 10.83334, 15.33194], "texture": "#2"},
				"west": {"uv": [8.66805, 2.16805, 11.33194, 3.16389], "rotation": 90, "texture": "#2"},
				"up": {"uv": [11.33194, 3.16389, 8.66805, 2.16805], "texture": "#2"},
				"down": {"uv": [8.66805, 2.16805, 11.33194, 3.16389], "texture": "#2"}
			}
		},
		{
			"from": [8.45, -2.8, -3.2],
			"to": [9.95, -1.3, -2.2],
			"rotation": {"angle": 45, "axis": "z", "origin": [0, 0, 0]},
			"faces": {
				"north": {"uv": [8, 6.83195, 10.66528, 9.5], "texture": "#2"},
				"east": {"uv": [9, 2.16805, 11, 3.16389], "rotation": 270, "texture": "#2"},
				"south": {"uv": [8.17223, 12.66805, 10.83334, 15.33194], "texture": "#2"},
				"west": {"uv": [9, 2.16805, 11, 3.16389], "rotation": 90, "texture": "#2"},
				"up": {"uv": [11, 3.16389, 9, 2.16805], "texture": "#2"},
				"down": {"uv": [9, 2.16805, 11, 3.16389], "texture": "#2"}
			}
		},
		{
			"from": [8.7, -2.55, -4.2],
			"to": [9.7, -1.55, -3.2],
			"rotation": {"angle": 45, "axis": "z", "origin": [0, 0, 0]},
			"faces": {
				"north": {"uv": [8, 4, 10.66389, 6.66389], "texture": "#2"},
				"east": {"uv": [10.16666, 3.16389, 9.33333, 1.5], "rotation": 90, "texture": "#2"},
				"south": {"uv": [8.16806, 12.66805, 10.83334, 15.33194], "texture": "#2"},
				"west": {"uv": [9.33333, 1.5, 10.16666, 3.16388], "rotation": 90, "texture": "#2"},
				"up": {"uv": [10.16666, 3.16389, 9.33333, 1.49999], "texture": "#2"},
				"down": {"uv": [9.33333, 1.5, 10.16666, 3.16388], "texture": "#2"}
			}
		},
		{
			"from": [2.7, 4.95, 7.3],
			"to": [8.2, 10.45, 8.8],
			"rotation": {"angle": -22.5, "axis": "z", "origin": [0, 0, 0]},
			"faces": {
				"north": {"uv": [12, 6.83195, 14.66528, 9.5], "rotation": 90, "texture": "#2"},
				"east": {"uv": [12, 0, 16, 1.33194], "rotation": 270, "texture": "#2"},
				"south": {"uv": [12, 9.65555, 14.65556, 12.33194], "rotation": 270, "texture": "#2"},
				"west": {"uv": [16, 1.33194, 12, 0], "rotation": 270, "texture": "#2"},
				"up": {"uv": [12, 0, 16, 1.33194], "rotation": 180, "texture": "#2"},
				"down": {"uv": [12, 0, 16, 1.33194], "texture": "#2"}
			}
		},
		{
			"from": [2.95, 5.2, 5.8],
			"to": [7.95, 10.2, 7.3],
			"rotation": {"angle": -22.5, "axis": "z", "origin": [0, 0, 0]},
			"faces": {
				"north": {"uv": [12, 6.83195, 14.66528, 9.5], "rotation": 90, "texture": "#2"},
				"east": {"uv": [12, 1.5, 16, 3.16388], "rotation": 270, "texture": "#2"},
				"south": {"uv": [12.17223, 12.66805, 14.83334, 15.33194], "rotation": 180, "texture": "#2"},
				"west": {"uv": [12, 1.5, 16, 3.16388], "rotation": 90, "texture": "#2"},
				"up": {"uv": [12, 1.5, 16, 3.16388], "rotation": 180, "texture": "#2"},
				"down": {"uv": [16, 3.16388, 12, 1.5], "rotation": 180, "texture": "#2"}
			}
		},
		{
			"from": [3.2, 5.45, 4.3],
			"to": [7.7, 9.95, 5.8],
			"rotation": {"angle": -22.5, "axis": "z", "origin": [0, 0, 0]},
			"faces": {
				"north": {"uv": [12, 6.83195, 14.66528, 9.5], "rotation": 90, "texture": "#2"},
				"east": {"uv": [12.17223, 1.5, 15.82778, 3.16945], "rotation": 270, "texture": "#2"},
				"south": {"uv": [12.17223, 12.66805, 14.83334, 15.33194], "rotation": 270, "texture": "#2"},
				"west": {"uv": [15.82778, 3.16945, 12.17223, 1.5], "rotation": 270, "texture": "#2"},
				"up": {"uv": [12.17223, 1.5, 15.82778, 3.16945], "rotation": 180, "texture": "#2"},
				"down": {"uv": [12.17223, 1.5, 15.82778, 3.16945], "texture": "#2"}
			}
		},
		{
			"from": [3.45, 5.7, 2.8],
			"to": [7.45, 9.7, 4.3],
			"rotation": {"angle": -22.5, "axis": "z", "origin": [0, 0, 0]},
			"faces": {
				"north": {"uv": [12, 6.83195, 14.66528, 9.5], "rotation": 90, "texture": "#2"},
				"east": {"uv": [12.33194, 1.49861, 15.66527, 3.16528], "rotation": 270, "texture": "#2"},
				"south": {"uv": [12.17223, 12.66805, 14.83334, 15.33194], "rotation": 270, "texture": "#2"},
				"west": {"uv": [15.66527, 3.16528, 12.33194, 1.49861], "rotation": 270, "texture": "#2"},
				"up": {"uv": [12.33194, 1.4986, 15.66527, 3.16528], "rotation": 180, "texture": "#2"},
				"down": {"uv": [12.33194, 1.49861, 15.66527, 3.16528], "texture": "#2"}
			}
		},
		{
			"from": [3.7, 5.95, 1.3],
			"to": [7.2, 9.45, 2.8],
			"rotation": {"angle": -22.5, "axis": "z", "origin": [0, 0, 0]},
			"faces": {
				"north": {"uv": [12, 6.83195, 14.66528, 9.5], "rotation": 90, "texture": "#2"},
				"east": {"uv": [12.33194, 1.5, 15.66667, 3.16666], "rotation": 270, "texture": "#2"},
				"south": {"uv": [12.17223, 12.66805, 14.83334, 15.33194], "rotation": 270, "texture": "#2"},
				"west": {"uv": [15.66667, 3.16666, 12.33194, 1.5], "rotation": 270, "texture": "#2"},
				"up": {"uv": [12.33194, 1.5, 15.66667, 3.16666], "rotation": 180, "texture": "#2"},
				"down": {"uv": [12.33194, 1.5, 15.66667, 3.16666], "texture": "#2"}
			}
		},
		{
			"from": [3.95, 6.2, -0.2],
			"to": [6.95, 9.2, 1.3],
			"rotation": {"angle": -22.5, "axis": "z", "origin": [0, 0, 0]},
			"faces": {
				"north": {"uv": [12, 6.83195, 14.66528, 9.5], "rotation": 90, "texture": "#2"},
				"east": {"uv": [12.5, 1.5, 15.49861, 3.16528], "rotation": 270, "texture": "#2"},
				"south": {"uv": [12.17223, 12.66805, 14.83334, 15.33194], "rotation": 270, "texture": "#2"},
				"west": {"uv": [15.49861, 3.16528, 12.5, 1.5], "rotation": 270, "texture": "#2"},
				"up": {"uv": [12.5, 1.5, 15.49861, 3.16528], "rotation": 180, "texture": "#2"},
				"down": {"uv": [12.5, 1.5, 15.49861, 3.16528], "texture": "#2"}
			}
		},
		{
			"from": [4.2, 6.45, -1.2],
			"to": [6.7, 8.95, -0.2],
			"rotation": {"angle": -22.5, "axis": "z", "origin": [0, 0, 0]},
			"faces": {
				"north": {"uv": [12, 6.83195, 14.66528, 9.5], "rotation": 90, "texture": "#2"},
				"east": {"uv": [12.5, 2.16389, 15.50139, 3.16527], "rotation": 270, "texture": "#2"},
				"south": {"uv": [12.17223, 12.66805, 14.83334, 15.33194], "rotation": 270, "texture": "#2"},
				"west": {"uv": [15.50139, 3.16527, 12.5, 2.16389], "rotation": 270, "texture": "#2"},
				"up": {"uv": [12.5, 2.1639, 15.50139, 3.16527], "rotation": 180, "texture": "#2"},
				"down": {"uv": [12.5, 2.16389, 15.50139, 3.16527], "texture": "#2"}
			}
		},
		{
			"from": [4.45, 6.7, -2.2],
			"to": [6.45, 8.7, -1.2],
			"rotation": {"angle": -22.5, "axis": "z", "origin": [0, 0, 0]},
			"faces": {
				"north": {"uv": [12, 6.83195, 14.66528, 9.5], "rotation": 90, "texture": "#2"},
				"east": {"uv": [12.66805, 2.16805, 15.33194, 3.16389], "rotation": 270, "texture": "#2"},
				"south": {"uv": [12.17223, 12.66805, 14.83334, 15.33194], "rotation": 270, "texture": "#2"},
				"west": {"uv": [15.33194, 3.16389, 12.66805, 2.16805], "rotation": 270, "texture": "#2"},
				"up": {"uv": [12.66805, 2.16806, 15.33194, 3.16388], "rotation": 180, "texture": "#2"},
				"down": {"uv": [12.66805, 2.16805, 15.33194, 3.16389], "texture": "#2"}
			}
		},
		{
			"from": [4.7, 6.95, -3.2],
			"to": [6.2, 8.45, -2.2],
			"rotation": {"angle": -22.5, "axis": "z", "origin": [0, 0, 0]},
			"faces": {
				"north": {"uv": [12, 6.83195, 14.66528, 9.5], "rotation": 90, "texture": "#2"},
				"east": {"uv": [13, 2.16805, 15, 3.16389], "rotation": 270, "texture": "#2"},
				"south": {"uv": [12.17223, 12.66805, 14.83334, 15.33194], "rotation": 270, "texture": "#2"},
				"west": {"uv": [15, 3.16389, 13, 2.16805], "rotation": 270, "texture": "#2"},
				"up": {"uv": [13, 2.16805, 15, 3.16389], "rotation": 180, "texture": "#2"},
				"down": {"uv": [13, 2.16805, 15, 3.16389], "texture": "#2"}
			}
		},
		{
			"from": [4.95, 7.2, -4.2],
			"to": [5.95, 8.2, -3.2],
			"rotation": {"angle": -22.5, "axis": "z", "origin": [0, 0, 0]},
			"faces": {
				"north": {"uv": [12, 4, 14.66389, 6.66389], "rotation": 90, "texture": "#2"},
				"east": {"uv": [13.33333, 1.5, 14.16666, 3.16388], "rotation": 270, "texture": "#2"},
				"south": {"uv": [12.16806, 12.66805, 14.83334, 15.33194], "rotation": 270, "texture": "#2"},
				"west": {"uv": [14.16666, 3.16389, 13.33333, 1.49999], "rotation": 270, "texture": "#2"},
				"up": {"uv": [14.16666, 3.16389, 13.33333, 1.5], "texture": "#2"},
				"down": {"uv": [13.33333, 1.5, 14.16666, 3.16388], "texture": "#2"}
			}
		}
	],
	"display": {
		"thirdperson_righthand": {
			"rotation": [90, 0, 0],
			"translation": [0, 3.5, 6]
		},
		"thirdperson_lefthand": {
			"rotation": [90, 0, -180],
			"translation": [0, 3.5, 0]
		},
		"firstperson_righthand": {
			"rotation": [36, 19, -8],
			"translation": [3.25, 3, -1.25]
		},
		"firstperson_lefthand": {
			"rotation": [36, 19, -180],
			"translation": [2, -1.5, -4]
		},
		"ground": {
			"translation": [0, 5.5, 0]
		},
		"gui": {
			"rotation": [42, 40, -22],
			"translation": [1.5, 3.25, 0],
			"scale": [1.5, 1.5, 1.5]
		},
		"head": {
			"rotation": [0, 0, 90],
			"translation": [-7.5, 0, -12.75],
			"scale": [2.67, 2.67, 2.67]
		},
		"fixed": {
			"rotation": [0, 0, 90],
			"translation": [-7.5, 0.25, -10],
			"scale": [2.5, 2.5, 2.5]
		}
	},
	"groups": [
		{
			"name": "group",
			"origin": [8, 8, 8],
			"color": 0,
			"children": [
				{
					"name": "Рукоять",
					"origin": [8, 8, 8],
					"color": 0,
					"children": [0, 1, 2, 3, 4, 5, 6, 7, 8, 9]
				},
				{
					"name": "Сверло",
					"origin": [8, 8, 8],
					"color": 0,
					"children": [
						{
							"name": "Сверло 4",
							"origin": [8, 8, 8],
							"color": 0,
							"children": [10, 11, 12, 13, 14, 15, 16, 17, 18, 19]
						},
						{
							"name": "Сверло 3",
							"origin": [8, 8, 8],
							"color": 0,
							"children": [20, 21, 22, 23, 24, 25, 26, 27, 28, 29]
						},
						{
							"name": "Сверло 2",
							"origin": [8, 8, 8],
							"color": 0,
							"children": [30, 31, 32, 33, 34, 35, 36, 37, 38, 39]
						},
						{
							"name": "Сверло 1",
							"origin": [8, 8, 8],
							"color": 0,
							"children": [40, 41, 42, 43, 44, 45, 46, 47, 48, 49]
						}
					]
				}
			]
		}
	]
}