{
	"credit": "Made with Blockbench",
	"textures": {
		"0": "item/control",
		"1": "item/sd1",
		"2": "item/green",
		"3": "item/red",
		"4": "item/blue",
		"5": "item/yellow",
		"particle": "item/control"
	},
	"elements": [
		{
			"from": [3, 0, 0],
			"to": [13, 1, 15],
			"rotation": {"angle": 0, "axis": "y", "origin": [8, 0.5, 8]},
			"faces": {
				"north": {"uv": [0.5, 5.5, 2.5, 6], "texture": "#0"},
				"east": {"uv": [4, 0, 9, 0.5], "texture": "#0"},
				"south": {"uv": [5.5, 2.5, 7.5, 3], "texture": "#0"},
				"west": {"uv": [4, 0.5, 9, 1], "texture": "#0"},
				"up": {"uv": [2, 5, 0, 0], "texture": "#0"},
				"down": {"uv": [4, 0, 2, 5], "texture": "#0"}
			}
		},
		{
			"from": [2, 0, 1],
			"to": [3, 1, 14],
			"rotation": {"angle": 0, "axis": "y", "origin": [8, 0.5, 8]},
			"faces": {
				"north": {"uv": [2.5, 5.5, 3, 6], "texture": "#0"},
				"east": {"uv": [4, 1, 8, 1.5], "texture": "#0"},
				"south": {"uv": [3, 5.5, 3.5, 6], "texture": "#0"},
				"west": {"uv": [4, 1.5, 8, 2], "texture": "#0"},
				"up": {"uv": [4.5, 6, 4, 2], "texture": "#0"},
				"down": {"uv": [5, 2, 4.5, 6], "texture": "#0"}
			}
		},
		{
			"from": [13, 0, 1],
			"to": [14, 1, 14],
			"rotation": {"angle": 0, "axis": "y", "origin": [10.5, 0.5, 8]},
			"faces": {
				"north": {"uv": [5.5, 3, 6, 3.5], "texture": "#0"},
				"east": {"uv": [0, 5, 4, 5.5], "texture": "#0"},
				"south": {"uv": [3.5, 5.5, 4, 6], "texture": "#0"},
				"west": {"uv": [5, 2, 9, 2.5], "texture": "#0"},
				"up": {"uv": [5.5, 6.5, 5, 2.5], "texture": "#0"},
				"down": {"uv": [0.5, 5.5, 0, 9.5], "texture": "#0"}
			}
		},
		{
			"from": [4, 1, 2],
			"to": [5, 2, 3],
			"faces": {
				"north": {"uv": [0, 0, 2, 2], "texture": "#4"},
				"east": {"uv": [0, 2, 2, 4], "texture": "#4"},
				"south": {"uv": [2, 0, 4, 2], "texture": "#4"},
				"west": {"uv": [2, 2, 4, 4], "texture": "#4"},
				"up": {"uv": [2, 6, 0, 4], "texture": "#4"},
				"down": {"uv": [6, 0, 4, 2], "texture": "#4"}
			}
		},
		{
			"from": [6, 1, 4],
			"to": [7, 2, 5],
			"faces": {
				"north": {"uv": [2, 4, 4, 6], "texture": "#4"},
				"east": {"uv": [4, 2, 6, 4], "texture": "#4"},
				"south": {"uv": [4, 4, 6, 6], "texture": "#4"},
				"west": {"uv": [0, 6, 2, 8], "texture": "#4"},
				"up": {"uv": [8, 2, 6, 0], "texture": "#4"},
				"down": {"uv": [4, 6, 2, 8], "texture": "#4"}
			}
		},
		{
			"from": [5, 1, 3],
			"to": [6, 2, 4],
			"faces": {
				"north": {"uv": [6, 2, 8, 4], "texture": "#4"},
				"east": {"uv": [4, 6, 6, 8], "texture": "#4"},
				"south": {"uv": [6, 4, 8, 6], "texture": "#4"},
				"west": {"uv": [6, 6, 8, 8], "texture": "#4"},
				"up": {"uv": [2, 10, 0, 8], "texture": "#4"},
				"down": {"uv": [10, 0, 8, 2], "texture": "#4"}
			}
		},
		{
			"from": [6, 1, 2],
			"to": [7, 2, 3],
			"faces": {
				"north": {"uv": [2, 8, 4, 10], "texture": "#4"},
				"east": {"uv": [8, 2, 10, 4], "texture": "#4"},
				"south": {"uv": [4, 8, 6, 10], "texture": "#4"},
				"west": {"uv": [8, 4, 10, 6], "texture": "#4"},
				"up": {"uv": [8, 10, 6, 8], "texture": "#4"},
				"down": {"uv": [10, 6, 8, 8], "texture": "#4"}
			}
		},
		{
			"from": [4, 1, 4],
			"to": [5, 2, 5],
			"faces": {
				"north": {"uv": [8, 8, 10, 10], "texture": "#4"},
				"east": {"uv": [0, 10, 2, 12], "texture": "#4"},
				"south": {"uv": [10, 0, 12, 2], "texture": "#4"},
				"west": {"uv": [2, 10, 4, 12], "texture": "#4"},
				"up": {"uv": [12, 4, 10, 2], "texture": "#4"},
				"down": {"uv": [6, 10, 4, 12], "texture": "#4"}
			}
		},
		{
			"from": [9, 1, 10],
			"to": [10, 2, 11],
			"faces": {
				"north": {"uv": [0, 0, 2, 2], "texture": "#5"},
				"east": {"uv": [0, 2, 2, 4], "texture": "#5"},
				"south": {"uv": [2, 0, 4, 2], "texture": "#5"},
				"west": {"uv": [2, 2, 4, 4], "texture": "#5"},
				"up": {"uv": [2, 6, 0, 4], "texture": "#5"},
				"down": {"uv": [6, 0, 4, 2], "texture": "#5"}
			}
		},
		{
			"from": [10, 1, 11],
			"to": [11, 2, 12],
			"faces": {
				"north": {"uv": [2, 4, 4, 6], "texture": "#5"},
				"east": {"uv": [4, 2, 6, 4], "texture": "#5"},
				"south": {"uv": [4, 4, 6, 6], "texture": "#5"},
				"west": {"uv": [0, 6, 2, 8], "texture": "#5"},
				"up": {"uv": [8, 2, 6, 0], "texture": "#5"},
				"down": {"uv": [4, 6, 2, 8], "texture": "#5"}
			}
		},
		{
			"from": [9, 1, 12],
			"to": [10, 2, 13],
			"faces": {
				"north": {"uv": [6, 2, 8, 4], "texture": "#5"},
				"east": {"uv": [4, 6, 6, 8], "texture": "#5"},
				"south": {"uv": [6, 4, 8, 6], "texture": "#5"},
				"west": {"uv": [6, 6, 8, 8], "texture": "#5"},
				"up": {"uv": [2, 10, 0, 8], "texture": "#5"},
				"down": {"uv": [10, 0, 8, 2], "texture": "#5"}
			}
		},
		{
			"from": [8, 1, 11],
			"to": [9, 2, 12],
			"faces": {
				"north": {"uv": [2, 8, 4, 10], "texture": "#5"},
				"east": {"uv": [8, 2, 10, 4], "texture": "#5"},
				"south": {"uv": [4, 8, 6, 10], "texture": "#5"},
				"west": {"uv": [8, 4, 10, 6], "texture": "#5"},
				"up": {"uv": [8, 10, 6, 8], "texture": "#5"},
				"down": {"uv": [10, 6, 8, 8], "texture": "#5"}
			}
		},
		{
			"from": [10, 1, 4],
			"to": [11, 2, 5],
			"faces": {
				"north": {"uv": [0, 0, 2, 2], "texture": "#3"},
				"east": {"uv": [0, 2, 2, 4], "texture": "#3"},
				"south": {"uv": [2, 0, 4, 2], "texture": "#3"},
				"west": {"uv": [2, 2, 4, 4], "texture": "#3"},
				"up": {"uv": [2, 6, 0, 4], "texture": "#3"},
				"down": {"uv": [6, 0, 4, 2], "texture": "#3"}
			}
		},
		{
			"from": [10, 1, 3],
			"to": [11, 2, 4],
			"faces": {
				"north": {"uv": [2, 4, 4, 6], "texture": "#3"},
				"east": {"uv": [4, 2, 6, 4], "texture": "#3"},
				"south": {"uv": [4, 4, 6, 6], "texture": "#3"},
				"west": {"uv": [0, 6, 2, 8], "texture": "#3"},
				"up": {"uv": [8, 2, 6, 0], "texture": "#3"},
				"down": {"uv": [4, 6, 2, 8], "texture": "#3"}
			}
		},
		{
			"from": [10, 1, 2],
			"to": [11, 2, 3],
			"faces": {
				"north": {"uv": [6, 2, 8, 4], "texture": "#3"},
				"east": {"uv": [4, 6, 6, 8], "texture": "#3"},
				"south": {"uv": [6, 4, 8, 6], "texture": "#3"},
				"west": {"uv": [6, 6, 8, 8], "texture": "#3"},
				"up": {"uv": [2, 10, 0, 8], "texture": "#3"},
				"down": {"uv": [10, 0, 8, 2], "texture": "#3"}
			}
		},
		{
			"from": [9, 1, 2],
			"to": [10, 2, 3],
			"faces": {
				"north": {"uv": [2, 8, 4, 10], "texture": "#3"},
				"east": {"uv": [8, 2, 10, 4], "texture": "#3"},
				"south": {"uv": [4, 8, 6, 10], "texture": "#3"},
				"west": {"uv": [8, 4, 10, 6], "texture": "#3"},
				"up": {"uv": [8, 10, 6, 8], "texture": "#3"},
				"down": {"uv": [10, 6, 8, 8], "texture": "#3"}
			}
		},
		{
			"from": [9, 1, 4],
			"to": [10, 2, 5],
			"faces": {
				"north": {"uv": [8, 8, 10, 10], "texture": "#3"},
				"east": {"uv": [0, 10, 2, 12], "texture": "#3"},
				"south": {"uv": [10, 0, 12, 2], "texture": "#3"},
				"west": {"uv": [2, 10, 4, 12], "texture": "#3"},
				"up": {"uv": [12, 4, 10, 2], "texture": "#3"},
				"down": {"uv": [6, 10, 4, 12], "texture": "#3"}
			}
		},
		{
			"from": [8, 1, 3],
			"to": [9, 2, 4],
			"faces": {
				"north": {"uv": [10, 4, 12, 6], "texture": "#3"},
				"east": {"uv": [6, 10, 8, 12], "texture": "#3"},
				"south": {"uv": [10, 6, 12, 8], "texture": "#3"},
				"west": {"uv": [8, 10, 10, 12], "texture": "#3"},
				"up": {"uv": [12, 10, 10, 8], "texture": "#3"},
				"down": {"uv": [12, 10, 10, 12], "texture": "#3"}
			}
		},
		{
			"from": [4, 1, 11],
			"to": [5, 2, 12],
			"faces": {
				"north": {"uv": [0, 0, 2, 2], "texture": "#2"},
				"east": {"uv": [0, 2, 2, 4], "texture": "#2"},
				"south": {"uv": [2, 0, 4, 2], "texture": "#2"},
				"west": {"uv": [2, 2, 4, 4], "texture": "#2"},
				"up": {"uv": [2, 6, 0, 4], "texture": "#2"},
				"down": {"uv": [6, 0, 4, 2], "texture": "#2"}
			}
		},
		{
			"from": [4, 1, 10],
			"to": [5, 2, 11],
			"faces": {
				"north": {"uv": [2, 4, 4, 6], "texture": "#2"},
				"east": {"uv": [4, 2, 6, 4], "texture": "#2"},
				"south": {"uv": [4, 4, 6, 6], "texture": "#2"},
				"west": {"uv": [0, 6, 2, 8], "texture": "#2"},
				"up": {"uv": [8, 2, 6, 0], "texture": "#2"},
				"down": {"uv": [4, 6, 2, 8], "texture": "#2"}
			}
		},
		{
			"from": [5, 1, 10],
			"to": [6, 2, 11],
			"faces": {
				"north": {"uv": [6, 2, 8, 4], "texture": "#2"},
				"east": {"uv": [4, 6, 6, 8], "texture": "#2"},
				"south": {"uv": [6, 4, 8, 6], "texture": "#2"},
				"west": {"uv": [6, 6, 8, 8], "texture": "#2"},
				"up": {"uv": [2, 10, 0, 8], "texture": "#2"},
				"down": {"uv": [10, 0, 8, 2], "texture": "#2"}
			}
		},
		{
			"from": [6, 1, 10],
			"to": [7, 2, 11],
			"faces": {
				"north": {"uv": [2, 8, 4, 10], "texture": "#2"},
				"east": {"uv": [8, 2, 10, 4], "texture": "#2"},
				"south": {"uv": [4, 8, 6, 10], "texture": "#2"},
				"west": {"uv": [8, 4, 10, 6], "texture": "#2"},
				"up": {"uv": [8, 10, 6, 8], "texture": "#2"},
				"down": {"uv": [10, 6, 8, 8], "texture": "#2"}
			}
		},
		{
			"from": [6, 1, 11],
			"to": [7, 2, 12],
			"faces": {
				"north": {"uv": [8, 8, 10, 10], "texture": "#2"},
				"east": {"uv": [0, 10, 2, 12], "texture": "#2"},
				"south": {"uv": [10, 0, 12, 2], "texture": "#2"},
				"west": {"uv": [2, 10, 4, 12], "texture": "#2"},
				"up": {"uv": [12, 4, 10, 2], "texture": "#2"},
				"down": {"uv": [6, 10, 4, 12], "texture": "#2"}
			}
		},
		{
			"from": [6, 1, 12],
			"to": [7, 2, 13],
			"faces": {
				"north": {"uv": [10, 4, 12, 6], "texture": "#2"},
				"east": {"uv": [6, 10, 8, 12], "texture": "#2"},
				"south": {"uv": [10, 6, 12, 8], "texture": "#2"},
				"west": {"uv": [8, 10, 10, 12], "texture": "#2"},
				"up": {"uv": [12, 10, 10, 8], "texture": "#2"},
				"down": {"uv": [12, 10, 10, 12], "texture": "#2"}
			}
		},
		{
			"from": [5, 1, 12],
			"to": [6, 2, 13],
			"faces": {
				"north": {"uv": [0, 12, 2, 14], "texture": "#2"},
				"east": {"uv": [12, 0, 14, 2], "texture": "#2"},
				"south": {"uv": [2, 12, 4, 14], "texture": "#2"},
				"west": {"uv": [12, 2, 14, 4], "texture": "#2"},
				"up": {"uv": [6, 14, 4, 12], "texture": "#2"},
				"down": {"uv": [14, 4, 12, 6], "texture": "#2"}
			}
		},
		{
			"from": [4, 1, 12],
			"to": [5, 2, 13],
			"faces": {
				"north": {"uv": [6, 12, 8, 14], "texture": "#2"},
				"east": {"uv": [12, 6, 14, 8], "texture": "#2"},
				"south": {"uv": [8, 12, 10, 14], "texture": "#2"},
				"west": {"uv": [12, 8, 14, 10], "texture": "#2"},
				"up": {"uv": [12, 14, 10, 12], "texture": "#2"},
				"down": {"uv": [14, 10, 12, 12], "texture": "#2"}
			}
		},
		{
			"from": [7, 1, 8],
			"to": [8, 2, 9],
			"faces": {
				"north": {"uv": [6, 1, 7, 2], "texture": "#1"},
				"east": {"uv": [6, 2, 7, 3], "texture": "#1"},
				"south": {"uv": [3, 6, 4, 7], "texture": "#1"},
				"west": {"uv": [6, 3, 7, 4], "texture": "#1"},
				"up": {"uv": [5, 7, 4, 6], "texture": "#1"},
				"down": {"uv": [7, 4, 6, 5], "texture": "#1"}
			}
		},
		{
			"from": [7, 1, 7],
			"to": [8, 2, 8],
			"faces": {
				"north": {"uv": [5, 6, 6, 7], "texture": "#1"},
				"east": {"uv": [6, 6, 7, 7], "texture": "#1"},
				"south": {"uv": [0, 7, 1, 8], "texture": "#1"},
				"west": {"uv": [1, 7, 2, 8], "texture": "#1"},
				"up": {"uv": [8, 2, 7, 1], "texture": "#1"},
				"down": {"uv": [3, 7, 2, 8], "texture": "#1"}
			}
		},
		{
			"from": [7, 2, 7],
			"to": [8, 3, 8],
			"faces": {
				"north": {"uv": [7, 2, 8, 3], "texture": "#1"},
				"east": {"uv": [3, 7, 4, 8], "texture": "#1"},
				"south": {"uv": [7, 3, 8, 4], "texture": "#1"},
				"west": {"uv": [4, 7, 5, 8], "texture": "#1"},
				"up": {"uv": [8, 5, 7, 4], "texture": "#1"},
				"down": {"uv": [6, 7, 5, 8], "texture": "#1"}
			}
		},
		{
			"from": [7, 3, 8],
			"to": [8, 4, 9],
			"faces": {
				"north": {"uv": [6, 7, 7, 8], "texture": "#1"},
				"east": {"uv": [7, 6, 8, 7], "texture": "#1"},
				"south": {"uv": [7, 7, 8, 8], "texture": "#1"},
				"west": {"uv": [0, 8, 1, 9], "texture": "#1"},
				"up": {"uv": [2, 9, 1, 8], "texture": "#1"},
				"down": {"uv": [9, 1, 8, 2], "texture": "#1"}
			}
		},
		{
			"from": [8, 1, 7],
			"to": [9, 2, 8],
			"faces": {
				"north": {"uv": [2, 8, 3, 9], "texture": "#1"},
				"east": {"uv": [8, 2, 9, 3], "texture": "#1"},
				"south": {"uv": [3, 8, 4, 9], "texture": "#1"},
				"west": {"uv": [8, 3, 9, 4], "texture": "#1"},
				"up": {"uv": [5, 9, 4, 8], "texture": "#1"},
				"down": {"uv": [9, 4, 8, 5], "texture": "#1"}
			}
		},
		{
			"from": [7, 1, 6],
			"to": [8, 2, 7],
			"faces": {
				"north": {"uv": [5, 8, 6, 9], "texture": "#1"},
				"east": {"uv": [6, 8, 7, 9], "texture": "#1"},
				"south": {"uv": [8, 6, 9, 7], "texture": "#1"},
				"west": {"uv": [7, 8, 8, 9], "texture": "#1"},
				"up": {"uv": [9, 8, 8, 7], "texture": "#1"},
				"down": {"uv": [9, 8, 8, 9], "texture": "#1"}
			}
		},
		{
			"from": [6, 1, 7],
			"to": [7, 2, 8],
			"faces": {
				"north": {"uv": [0, 9, 1, 10], "texture": "#1"},
				"east": {"uv": [9, 0, 10, 1], "texture": "#1"},
				"south": {"uv": [1, 9, 2, 10], "texture": "#1"},
				"west": {"uv": [9, 1, 10, 2], "texture": "#1"},
				"up": {"uv": [3, 10, 2, 9], "texture": "#1"},
				"down": {"uv": [10, 2, 9, 3], "texture": "#1"}
			}
		},
		{
			"from": [3, 0.5, 5],
			"to": [6, 1.5, 10],
			"faces": {
				"north": {"uv": [0, 6, 3, 7], "texture": "#1"},
				"east": {"uv": [0, 5, 5, 6], "texture": "#1"},
				"south": {"uv": [6, 0, 9, 1], "texture": "#1"},
				"west": {"uv": [5, 5, 10, 6], "texture": "#1"},
				"up": {"uv": [3, 5, 0, 0], "texture": "#1"},
				"down": {"uv": [6, 0, 3, 5], "texture": "#1"}
			}
		}
	],
	"display": {
		"thirdperson_righthand": {
			"rotation": [-180, -90, 90],
			"translation": [0, 1.75, 7.25]
		},
		"thirdperson_lefthand": {
			"rotation": [0, 90, 90],
			"translation": [0, 1.75, 7.25]
		},
		"firstperson_righthand": {
			"rotation": [0, -90, 0],
			"translation": [0, 8.5, 0]
		},
		"firstperson_lefthand": {
			"rotation": [0, 90, 0],
			"translation": [0, 8.5, 0]
		},
		"ground": {
			"translation": [0, 4, 0]
		},
		"gui": {
			"rotation": [0, 90, 90]
		},
		"fixed": {
			"rotation": [-90, 90, 0],
			"translation": [0, 0, -6.5]
		}
	},
	"groups": [
		0,
		1,
		2,
		{
			"name": "crest",
			"origin": [8, 8, 8],
			"color": 0,
			"children": [3, 4, 5, 6, 7]
		},
		{
			"name": "crug",
			"origin": [8, 8, 8],
			"color": 0,
			"children": [8, 9, 10, 11]
		},
		{
			"name": "triangle",
			"origin": [8, 8, 8],
			"color": 0,
			"children": [12, 13, 14, 15, 16, 17]
		},
		{
			"name": "square",
			"origin": [8, 8, 8],
			"color": 0,
			"children": [18, 19, 20, 21, 22, 23, 24, 25]
		},
		{
			"name": "sd1",
			"origin": [8, 8, 8],
			"color": 0,
			"children": [26, 27, 28, 29, 30, 31, 32]
		},
		33
	]
}