{
	"credit": "Made with Blockbench",
	"texture_size": [64, 64],
	"textures": {
		"0": "minecraft:item/chainsaw",
		"particle": "minecraft:item/chainsaw"
	},
	"elements": [
		{
			"from": [3, 2, 6],
			"to": [13, 12, 20],
			"faces": {
				"north": {"uv": [7, 1.25, 9.5, 3.75], "texture": "#0"},
				"east": {"uv": [0, 3.5, 3.5, 6], "texture": "#0"},
				"south": {"uv": [5, 7.25, 7.5, 9.75], "texture": "#0"},
				"west": {"uv": [3.5, 3.5, 7, 6], "texture": "#0"},
				"up": {"uv": [2.5, 9.5, 0, 6], "texture": "#0"},
				"down": {"uv": [5, 6, 2.5, 9.5], "texture": "#0"}
			}
		},
		{
			"from": [7.5, 4, -15],
			"to": [8.5, 9, 9],
			"faces": {
				"north": {"uv": [5.5, 9.75, 5.75, 11], "texture": "#0"},
				"east": {"uv": [5, 6, 11, 7.25], "texture": "#0"},
				"south": {"uv": [5.75, 9.75, 6, 11], "texture": "#0"},
				"west": {"uv": [6.5, 0, 12.5, 1.25], "texture": "#0"},
				"up": {"uv": [7.75, 13.25, 7.5, 7.25], "texture": "#0"},
				"down": {"uv": [8, 7.25, 7.75, 13.25], "texture": "#0"}
			}
		},
		{
			"from": [8, 3, -16],
			"to": [8, 10, 10],
			"faces": {
				"north": {"uv": [0, 0, 0, 1.75], "texture": "#0"},
				"east": {"uv": [0, 0, 6.5, 1.75], "texture": "#0"},
				"south": {"uv": [0, 0, 0, 1.75], "texture": "#0"},
				"west": {"uv": [0, 1.75, 6.5, 3.5], "texture": "#0"},
				"up": {"uv": [0, 6.5, 0, 0], "texture": "#0"},
				"down": {"uv": [0, 0, 0, 6.5], "texture": "#0"}
			}
		},
		{
			"from": [2, 14, 9],
			"to": [4, 20, 11],
			"rotation": {"angle": 22.5, "axis": "x", "origin": [2, 10, 4]},
			"faces": {
				"north": {"uv": [6.5, 1.25, 7, 2.75], "texture": "#0"},
				"east": {"uv": [8, 7.25, 8.5, 8.75], "texture": "#0"},
				"south": {"uv": [8.5, 7.25, 9, 8.75], "texture": "#0"},
				"west": {"uv": [8, 8.75, 8.5, 10.25], "texture": "#0"},
				"up": {"uv": [6.5, 10.25, 6, 9.75], "texture": "#0"},
				"down": {"uv": [7, 9.75, 6.5, 10.25], "texture": "#0"}
			}
		},
		{
			"from": [12, 14, 9],
			"to": [14, 20, 11],
			"rotation": {"angle": 22.5, "axis": "x", "origin": [2, 10, 4]},
			"faces": {
				"north": {"uv": [8.5, 8.75, 9, 10.25], "texture": "#0"},
				"east": {"uv": [9, 3.75, 9.5, 5.25], "texture": "#0"},
				"south": {"uv": [9, 7.25, 9.5, 8.75], "texture": "#0"},
				"west": {"uv": [9, 8.75, 9.5, 10.25], "texture": "#0"},
				"up": {"uv": [7.5, 10.25, 7, 9.75], "texture": "#0"},
				"down": {"uv": [10.5, 1.25, 10, 1.75], "texture": "#0"}
			}
		},
		{
			"from": [7, 17, 16],
			"to": [9, 23, 18],
			"rotation": {"angle": 22.5, "axis": "x", "origin": [2, 10, 4]},
			"faces": {
				"north": {"uv": [0, 9.5, 0.5, 11], "texture": "#0"},
				"east": {"uv": [0.5, 9.5, 1, 11], "texture": "#0"},
				"south": {"uv": [1, 9.5, 1.5, 11], "texture": "#0"},
				"west": {"uv": [9.5, 1.25, 10, 2.75], "texture": "#0"},
				"up": {"uv": [11, 8.75, 10.5, 8.25], "texture": "#0"},
				"down": {"uv": [11, 8.75, 10.5, 9.25], "texture": "#0"}
			}
		},
		{
			"from": [4, 18, 9],
			"to": [12, 20, 11],
			"rotation": {"angle": 22.5, "axis": "x", "origin": [2, 10, 4]},
			"faces": {
				"north": {"uv": [7, 3.75, 9, 4.25], "texture": "#0"},
				"east": {"uv": [1.5, 10, 2, 10.5], "texture": "#0"},
				"south": {"uv": [7, 4.25, 9, 4.75], "texture": "#0"},
				"west": {"uv": [10, 1.75, 10.5, 2.25], "texture": "#0"},
				"up": {"uv": [9, 5.25, 7, 4.75], "texture": "#0"},
				"down": {"uv": [9, 5.25, 7, 5.75], "texture": "#0"}
			}
		},
		{
			"from": [7, 8, 20],
			"to": [9, 10, 24],
			"rotation": {"angle": 0, "axis": "x", "origin": [6, 12, 14]},
			"faces": {
				"north": {"uv": [2, 10, 2.5, 10.5], "texture": "#0"},
				"east": {"uv": [9, 5.25, 10, 5.75], "texture": "#0"},
				"south": {"uv": [10, 2.25, 10.5, 2.75], "texture": "#0"},
				"west": {"uv": [1.5, 9.5, 2.5, 10], "texture": "#0"},
				"up": {"uv": [3, 10.5, 2.5, 9.5], "texture": "#0"},
				"down": {"uv": [10, 2.75, 9.5, 3.75], "texture": "#0"}
			}
		},
		{
			"from": [7, 3, 20],
			"to": [9, 5, 24],
			"rotation": {"angle": 0, "axis": "x", "origin": [6, 12, 14]},
			"faces": {
				"north": {"uv": [10, 2.75, 10.5, 3.25], "texture": "#0"},
				"east": {"uv": [3, 9.5, 4, 10], "texture": "#0"},
				"south": {"uv": [3, 10, 3.5, 10.5], "texture": "#0"},
				"west": {"uv": [9.5, 3.75, 10.5, 4.25], "texture": "#0"},
				"up": {"uv": [4.5, 10.5, 4, 9.5], "texture": "#0"},
				"down": {"uv": [10, 4.25, 9.5, 5.25], "texture": "#0"}
			}
		},
		{
			"from": [7, 5, 22],
			"to": [9, 8, 24],
			"rotation": {"angle": 0, "axis": "x", "origin": [6, 12, 14]},
			"faces": {
				"north": {"uv": [6.5, 2.75, 7, 3.5], "texture": "#0"},
				"east": {"uv": [4.5, 9.5, 5, 10.25], "texture": "#0"},
				"south": {"uv": [9.5, 9.25, 10, 10], "texture": "#0"},
				"west": {"uv": [5, 9.75, 5.5, 10.5], "texture": "#0"},
				"up": {"uv": [10.5, 3.75, 10, 3.25], "texture": "#0"},
				"down": {"uv": [4, 10, 3.5, 10.5], "texture": "#0"}
			}
		},
		{
			"from": [2, 9, 17],
			"to": [4, 11, 19],
			"faces": {
				"north": {"uv": [10, 4.25, 10.5, 4.75], "texture": "#0"},
				"east": {"uv": [10, 4.75, 10.5, 5.25], "texture": "#0"},
				"south": {"uv": [10, 5.25, 10.5, 5.75], "texture": "#0"},
				"west": {"uv": [10, 9.25, 10.5, 9.75], "texture": "#0"},
				"up": {"uv": [10, 10.5, 9.5, 10], "texture": "#0"},
				"down": {"uv": [10.5, 9.75, 10, 10.25], "texture": "#0"}
			}
		},
		{
			"from": [2, 6, 17],
			"to": [4, 8, 19],
			"faces": {
				"north": {"uv": [4.5, 10.25, 5, 10.75], "texture": "#0"},
				"east": {"uv": [6, 10.25, 6.5, 10.75], "texture": "#0"},
				"south": {"uv": [6.5, 10.25, 7, 10.75], "texture": "#0"},
				"west": {"uv": [7, 10.25, 7.5, 10.75], "texture": "#0"},
				"up": {"uv": [8.5, 10.75, 8, 10.25], "texture": "#0"},
				"down": {"uv": [9, 10.25, 8.5, 10.75], "texture": "#0"}
			}
		},
		{
			"from": [2, 3, 17],
			"to": [4, 5, 19],
			"faces": {
				"north": {"uv": [9, 10.25, 9.5, 10.75], "texture": "#0"},
				"east": {"uv": [10, 10.25, 10.5, 10.75], "texture": "#0"},
				"south": {"uv": [10.5, 1.25, 11, 1.75], "texture": "#0"},
				"west": {"uv": [1.5, 10.5, 2, 11], "texture": "#0"},
				"up": {"uv": [11, 2.25, 10.5, 1.75], "texture": "#0"},
				"down": {"uv": [2.5, 10.5, 2, 11], "texture": "#0"}
			}
		},
		{
			"from": [6, 11, 15],
			"to": [10, 13, 17],
			"faces": {
				"north": {"uv": [9.5, 7.25, 10.5, 7.75], "texture": "#0"},
				"east": {"uv": [10.5, 2.25, 11, 2.75], "texture": "#0"},
				"south": {"uv": [9.5, 7.75, 10.5, 8.25], "texture": "#0"},
				"west": {"uv": [2.5, 10.5, 3, 11], "texture": "#0"},
				"up": {"uv": [10.5, 8.75, 9.5, 8.25], "texture": "#0"},
				"down": {"uv": [10.5, 8.75, 9.5, 9.25], "texture": "#0"}
			}
		},
		{
			"from": [12, 9, 17],
			"to": [14, 11, 19],
			"faces": {
				"north": {"uv": [10.5, 9.25, 11, 9.75], "texture": "#0"},
				"east": {"uv": [9.5, 10.5, 10, 11], "texture": "#0"},
				"south": {"uv": [10.5, 9.75, 11, 10.25], "texture": "#0"},
				"west": {"uv": [10.5, 10.25, 11, 10.75], "texture": "#0"},
				"up": {"uv": [5, 11.25, 4.5, 10.75], "texture": "#0"},
				"down": {"uv": [6.5, 10.75, 6, 11.25], "texture": "#0"}
			}
		},
		{
			"from": [12, 6, 17],
			"to": [14, 8, 19],
			"faces": {
				"north": {"uv": [10.5, 2.75, 11, 3.25], "texture": "#0"},
				"east": {"uv": [3, 10.5, 3.5, 11], "texture": "#0"},
				"south": {"uv": [10.5, 3.25, 11, 3.75], "texture": "#0"},
				"west": {"uv": [3.5, 10.5, 4, 11], "texture": "#0"},
				"up": {"uv": [11, 4.25, 10.5, 3.75], "texture": "#0"},
				"down": {"uv": [4.5, 10.5, 4, 11], "texture": "#0"}
			}
		},
		{
			"from": [12, 3, 17],
			"to": [14, 5, 19],
			"faces": {
				"north": {"uv": [10.5, 4.25, 11, 4.75], "texture": "#0"},
				"east": {"uv": [10.5, 4.75, 11, 5.25], "texture": "#0"},
				"south": {"uv": [5, 10.5, 5.5, 11], "texture": "#0"},
				"west": {"uv": [10.5, 5.25, 11, 5.75], "texture": "#0"},
				"up": {"uv": [11, 7.75, 10.5, 7.25], "texture": "#0"},
				"down": {"uv": [11, 7.75, 10.5, 8.25], "texture": "#0"}
			}
		}
	],
	"display": {
		"thirdperson_righthand": {
			"rotation": [90, 0, 0],
			"translation": [0, 1.5, 0],
			"scale": [0.5, 0.5, 0.5]
		},
		"thirdperson_lefthand": {
			"rotation": [90, 0, 0],
			"translation": [0, 1.5, 0],
			"scale": [0.5, 0.5, 0.5]
		},
		"firstperson_righthand": {
			"rotation": [45, 10, 0],
			"translation": [1, 0, 0],
			"scale": [0.6, 0.7, 0.8]
		},
		"firstperson_lefthand": {
			"rotation": [45, 10, 0],
			"translation": [1, 0, 0],
			"scale": [0.6, 0.7, 0.8]
		},
		"ground": {
			"rotation": [0, 0, 90],
			"translation": [-0.5, 1.75, 0],
			"scale": [0.5, 0.5, 0.5]
		},
		"gui": {
			"rotation": [135.35, 20.65, -138.7],
			"translation": [0.25, -0.25, 0],
			"scale": [0.6, 0.6, 0.6]
		},
		"head": {
			"translation": [0, 1.5, -5.25],
			"scale": [1.45, 1.45, 1.45]
		},
		"fixed": {
			"rotation": [0, 90, 0],
			"translation": [0, 1.25, -3.75],
			"scale": [2, 2, 2]
		}
	},
	"groups": [
		0,
		1,
		2,
		{
			"name": "group",
			"origin": [0, 0, 0],
			"color": 0,
			"children": [3, 4, 5, 6]
		},
		{
			"name": "group",
			"origin": [0, 0, 0],
			"color": 0,
			"children": [7, 8, 9]
		},
		10,
		11,
		12,
		13,
		14,
		15,
		16
	]
}