{
	"credit": "Made with Blockbench",
	"textures": {
		"0": "item/patexture",
		"1": "item/handletexture",
		"particle": "item/patexture"
	},
	"elements": [
		{
			"from": [4.15611, 15.05329, 3.29],
			"to": [5.66811, 15.94929, 3.45],
			"rotation": {"angle": 0, "axis": "z", "origin": [3.39611, 15.69329, 2.746]},
			"faces": {
				"north": {"uv": [0, 4, 2, 5], "texture": "#0"},
				"east": {"uv": [0, 8, 1, 9], "texture": "#0"},
				"south": {"uv": [2, 4, 4, 5], "texture": "#0"},
				"west": {"uv": [8, 0, 9, 1], "texture": "#0"},
				"up": {"uv": [6, 5, 4, 4], "texture": "#0"},
				"down": {"uv": [2, 5, 0, 6], "texture": "#0"}
			}
		},
		{
			"from": [2.138, 15.404, 3.29],
			"to": [4.157, 16, 3.45],
			"rotation": {"angle": 0, "axis": "z", "origin": [3.578, 15.744, 2.746]},
			"faces": {
				"north": {"uv": [0, 0, 2, 1], "texture": "#1"},
				"east": {"uv": [2, 1, 3, 2], "texture": "#1"},
				"south": {"uv": [0, 1, 2, 2], "texture": "#1"},
				"west": {"uv": [2, 2, 3, 3], "texture": "#1"},
				"up": {"uv": [2, 3, 0, 2], "texture": "#1"},
				"down": {"uv": [4, 0, 2, 1], "texture": "#1"}
			}
		},
		{
			"from": [4.15, 15.9488, 3.29],
			"to": [5.68, 16, 3.45],
			"rotation": {"angle": 0, "axis": "z", "origin": [3.39, 15.6928, 2.746]},
			"faces": {
				"north": {"uv": [2, 5, 4, 6], "texture": "#0"},
				"east": {"uv": [1, 8, 2, 9], "texture": "#0"},
				"south": {"uv": [4, 5, 6, 6], "texture": "#0"},
				"west": {"uv": [8, 1, 9, 2], "texture": "#0"},
				"up": {"uv": [2, 7, 0, 6], "texture": "#0"},
				"down": {"uv": [8, 0, 6, 1], "texture": "#0"}
			}
		},
		{
			"from": [5.662, 15.232, 3.29],
			"to": [5.854, 15.36, 3.45],
			"rotation": {"angle": 0, "axis": "z", "origin": [3.39, 15.744, 2.746]},
			"faces": {
				"north": {"uv": [3, 8, 4, 9], "texture": "#0"},
				"east": {"uv": [8, 3, 9, 4], "texture": "#0"},
				"south": {"uv": [4, 8, 5, 9], "texture": "#0"},
				"west": {"uv": [8, 4, 9, 5], "texture": "#0"},
				"up": {"uv": [6, 9, 5, 8], "texture": "#0"},
				"down": {"uv": [9, 5, 8, 6], "texture": "#0"}
			}
		},
		{
			"from": [4.19, 15.36, 3.29],
			"to": [6.302, 15.872, 3.45],
			"rotation": {"angle": 0, "axis": "z", "origin": [3.39, 15.744, 2.746]},
			"faces": {
				"north": {"uv": [6, 1, 8, 2], "texture": "#0"},
				"east": {"uv": [2, 8, 3, 9], "texture": "#0"},
				"south": {"uv": [2, 6, 4, 7], "texture": "#0"},
				"west": {"uv": [8, 2, 9, 3], "texture": "#0"},
				"up": {"uv": [8, 3, 6, 2], "texture": "#0"},
				"down": {"uv": [8, 3, 6, 4], "texture": "#0"}
			}
		},
		{
			"from": [4.166, 15.552, 3.29],
			"to": [6.75, 15.872, 3.45],
			"rotation": {"angle": 0, "axis": "z", "origin": [3.39, 15.744, 2.746]},
			"faces": {
				"north": {"uv": [0, 0, 3, 1], "texture": "#0"},
				"east": {"uv": [6, 8, 7, 9], "texture": "#0"},
				"south": {"uv": [0, 1, 3, 2], "texture": "#0"},
				"west": {"uv": [8, 6, 9, 7], "texture": "#0"},
				"up": {"uv": [3, 3, 0, 2], "texture": "#0"},
				"down": {"uv": [3, 3, 0, 4], "texture": "#0"}
			}
		},
		{
			"from": [4.206, 15.712, 3.29],
			"to": [7.07, 15.872, 3.45],
			"rotation": {"angle": 0, "axis": "z", "origin": [3.39, 15.744, 2.746]},
			"faces": {
				"north": {"uv": [3, 0, 6, 1], "texture": "#0"},
				"east": {"uv": [7, 8, 8, 9], "texture": "#0"},
				"south": {"uv": [3, 1, 6, 2], "texture": "#0"},
				"west": {"uv": [8, 7, 9, 8], "texture": "#0"},
				"up": {"uv": [6, 3, 3, 2], "texture": "#0"},
				"down": {"uv": [6, 3, 3, 4], "texture": "#0"}
			}
		},
		{
			"from": [9.33209, 15.8012, 3.29],
			"to": [11.15609, 16.0252, 3.45],
			"rotation": {"angle": 22.5, "axis": "z", "origin": [9.38009, 6.2172, 2.474]},
			"faces": {
				"north": {"uv": [4, 6, 6, 7], "texture": "#0"},
				"east": {"uv": [8, 8, 9, 9], "texture": "#0"},
				"south": {"uv": [6, 4, 8, 5], "texture": "#0"},
				"west": {"uv": [0, 9, 1, 10], "texture": "#0"},
				"up": {"uv": [8, 6, 6, 5], "texture": "#0"},
				"down": {"uv": [8, 6, 6, 7], "texture": "#0"}
			}
		},
		{
			"from": [5.662, 15.84, 3.29],
			"to": [7.39, 16, 3.45],
			"rotation": {"angle": 0, "axis": "z", "origin": [3.422, 15.84, 2.746]},
			"faces": {
				"north": {"uv": [0, 7, 2, 8], "texture": "#0"},
				"east": {"uv": [9, 3, 10, 4], "texture": "#0"},
				"south": {"uv": [2, 7, 4, 8], "texture": "#0"},
				"west": {"uv": [4, 9, 5, 10], "texture": "#0"},
				"up": {"uv": [6, 8, 4, 7], "texture": "#0"},
				"down": {"uv": [8, 7, 6, 8], "texture": "#0"}
			}
		},
		{
			"from": [7.32198, 15.91666, 3.29],
			"to": [7.41798, 16.01266, 3.45],
			"rotation": {"angle": -22.5, "axis": "z", "origin": [6.96998, 15.99666, 3.37]},
			"faces": {
				"north": {"uv": [9, 0, 10, 1], "texture": "#0"},
				"east": {"uv": [1, 9, 2, 10], "texture": "#0"},
				"south": {"uv": [9, 1, 10, 2], "texture": "#0"},
				"west": {"uv": [2, 9, 3, 10], "texture": "#0"},
				"up": {"uv": [10, 3, 9, 2], "texture": "#0"},
				"down": {"uv": [4, 9, 3, 10], "texture": "#0"}
			}
		}
	],
	"display": {
		"thirdperson_righthand": {
			"rotation": [-137.39, 88.01, -129.79],
			"translation": [11.25, 12.25, -18.25],
			"scale": [2.52344, 2.52344, 2.52344]
		},
		"thirdperson_lefthand": {
			"rotation": [-40.27, -88.6, -131.62],
			"translation": [-7, 6.5, -11.75],
			"scale": [0, 0, 0]
		},
		"firstperson_righthand": {
			"rotation": [29.64, 81.49, 5.9],
			"translation": [2.75, 1, -1.25],
			"scale": [1.25, 1.17, 1.23]
		},
		"firstperson_lefthand": {
			"rotation": [0, 0, -72.25],
			"scale": [0, 0, 0]
		},
		"ground": {
			"translation": [5.5, -13.5, 8.5],
			"scale": [1.52344, 1.52344, 1.52344]
		},
		"gui": {
			"rotation": [0, 0, 41],
			"translation": [22.75, -11.25, -3.25],
			"scale": [2.96, 3, 2.94]
		},
		"head": {
			"rotation": [180, 6, -132],
			"translation": [-30.25, -33.5, -22],
			"scale": [4, 4, 4]
		},
		"fixed": {
			"rotation": [0, 0, 30.75],
			"translation": [16, -12.75, 11.25],
			"scale": [2.52344, 2.52344, 2.52344]
		}
	},
	"groups": [
		{
			"name": "PA Knife",
			"origin": [8, 8, 8],
			"color": 0,
			"nbt": "{}",
			"armAnimationEnabled": false,
			"children": [0, 1, 2, 3, 4, 5, 6, 7, 8, 9]
		}
	]
}