{
	"credit": "Made with Blockbench",
	"parent": "minecraft:item/handheld",
	"textures": {
		"layer0": "item/monotone/pt"
	},
	"display": {
		"thirdperson_righthand": {
			"translation": [0, -1.5, -1],
			"scale": [0.34, 0.33, 0.17]
		},
		"thirdperson_lefthand": {
			"rotation": [-270, -90, -55],
			"translation": [0, 0, 0.5],
			"scale": [0, 0, 0]
		},
		"firstperson_righthand": {
			"translation": [1.75, 4, 0],
			"scale": [0.58, 0.53, 0.03]
		},
		"firstperson_lefthand": {
			"scale": [0, 0, 0]
		},
		"ground": {
			"translation": [0, 4.75, 0],
			"scale": [1, 1, 0.17]
		},
		"gui": {
			"scale": [1.04, 1, 0.74]
		},
		"fixed": {
			"scale": [1, 1, 0.13]
		}
	}
}