{
	"credit": "Made with Blockbench",
	"parent": "minecraft:item/handheld",
	"textures": {
		"layer0": "item/real_special_attack_1"
	},
	"display": {
		"thirdperson_righthand": {
			"rotation": [57, 0, 0],
			"translation": [0, 6.25, 15.5],
			"scale": [0, 0, 0]
		},
		"thirdperson_lefthand": {
			"scale": [0, 0, 0]
		},
		"firstperson_righthand": {
			"translation": [1.75, 2.75, -0.25],
			"scale": [0.54, 0.46, 0.05]
		},
		"firstperson_lefthand": {
			"rotation": [0, -180, 0],
			"translation": [1.5, 3, 0],
			"scale": [0.54, 0.46, 0.05]
		},
		"head": {
			"rotation": [0, -180, 0],
			"translation": [-11.5, 6.5, -7.5],
			"scale": [1.42, 1.38, 0.53]
		},
		"fixed": {
			"translation": [-0.5, -0.75, 0],
			"scale": [1.33, 1.38, 1]
		}
	}
}