[
  {
    "function": "minecraft:set_nbt",
    "tag": "{ASword:1b,Charged:1b,ChargedProjectiles:[{Count:1b,id:\"minecraft:firework_rocket\",tag:{Fireworks:{Explosions:[{Colors:[I;11743532],Type:0b,\"forge:shape_type\":\"SMALL_BALL\"},{Colors:[I;11743532],Type:0b,\"forge:shape_type\":\"SMALL_BALL\"},{Colors:[I;11743532],Type:0b,\"forge:shape_type\":\"SMALL_BALL\"},{Colors:[I;11743532],Type:0b,\"forge:shape_type\":\"SMALL_BALL\"},{Colors:[I;11743532],Type:0b,\"forge:shape_type\":\"SMALL_BALL\"},{Colors:[I;11743532],Type:0b,\"forge:shape_type\":\"SMALL_BALL\"},{Colors:[I;11743532],Type:0b,\"forge:shape_type\":\"SMALL_BALL\"},{Colors:[I;11743532],Type:0b,\"forge:shape_type\":\"SMALL_BALL\"},{Colors:[I;11743532],Type:0b,\"forge:shape_type\":\"SMALL_BALL\"},{Colors:[I;11743532],Type:0b,\"forge:shape_type\":\"SMALL_BALL\"},{Colors:[I;11743532],Type:0b,\"forge:shape_type\":\"SMALL_BALL\"},{Colors:[I;11743532],Type:0b,\"forge:shape_type\":\"SMALL_BALL\"},{Colors:[I;11743532],Type:0b,\"forge:shape_type\":\"SMALL_BALL\"},{Colors:[I;11743532],Type:0b,\"forge:shape_type\":\"SMALL_BALL\"},{Colors:[I;11743532],Type:0b,\"forge:shape_type\":\"SMALL_BALL\"}],Flight:10b}}}],CustomModelData:3,HideFlags:32,RepairCost:5000,display:{Name:'{\"italic\":false,\"extra\":[{\"text\":\"\"},{\"color\":\"red\",\"text\":\"Меч бога\"}],\"text\":\"\"}'}}"
  }
  ]
