{
    "parent": "minecraft:item/generated",
    "overrides": [
    


    {
        "model": "santa:items/girland",
        "predicate": {
        "custom_model_data": 4
        }
    },
    {   "model": "minecraft:block/barrel",
        "predicate": {
        "custom_model_data": 111
        }
    },
    {   "model": "keys:item/lock",
        "predicate": {
        "custom_model_data": 112
        }
    },
    {   "model": "keys:item/unlock",
        "predicate": {
        "custom_model_data": 113
        }
    }
    
    
    ],
    "textures": {
    "layer0": "minecraft:item/item_frame"
    }
    }