{
	"credit": "Made with Blockbench",
	"parent": "minecraft:item/handheld",
	"textures": {
		"layer0": "item/duality/gasterblast"
	},
	"display": {
		"thirdperson_righthand": {
			"rotation": [43, 0, 0],
			"translation": [0, 1.5, -0.75],
			"scale": [0.55, 0.57, 0.47]
		},
		"thirdperson_lefthand": {
			"rotation": [-270, -90, -55],
			"translation": [0, 0, 0.5],
			"scale": [0, 0, 0]
		},
		"firstperson_righthand": {
			"translation": [3.25, 3, 0],
			"scale": [0.85, 0.82, 0.24]
		},
		"firstperson_lefthand": {
			"scale": [0, 0, 0]
		},
		"gui": {
			"scale": [1.35, 1.27, 1.1]
		}
	}
}