{
	"credit": "Made with Blockbench",
	"texture_size": [128, 128],
	"textures": {
		"0": "block/hate_texture",
		"particle": "block/hate_texture"
	},
	"elements": [
		{
			"name": "hexadecagon5",
			"from": [6.39876, 16.88, -0.05],
			"to": [9.60124, 24.85336, 16.05],
			"rotation": {"angle": -45, "axis": "y", "origin": [8, 4, 8]},
			"faces": {
				"north": {"uv": [7.875, 4.25, 8.25, 5.25], "texture": "#0"},
				"east": {"uv": [10, 6.25, 12, 7.25], "texture": "#0"},
				"south": {"uv": [13, 0, 13.375, 1], "texture": "#0"},
				"west": {"uv": [10, 7.25, 12, 8.25], "texture": "#0"},
				"up": {"uv": [8.375, 13.5, 8, 11.5], "texture": "#0"},
				"down": {"uv": [8.75, 11.5, 8.375, 13.5], "texture": "#0"}
			}
		},
		{
			"name": "hexadecagon6",
			"from": [6.39876, 16.88, -0.05],
			"to": [9.60124, 24.85336, 16.05],
			"rotation": {"angle": -22.5, "axis": "y", "origin": [8, 4, 8]},
			"faces": {
				"north": {"uv": [13.375, 2.75, 13.75, 3.75], "texture": "#0"},
				"east": {"uv": [10, 8.25, 12, 9.25], "texture": "#0"},
				"south": {"uv": [9.5, 14, 9.875, 15], "texture": "#0"},
				"west": {"uv": [10.375, 9.25, 12.375, 10.25], "texture": "#0"},
				"up": {"uv": [9.125, 13.5, 8.75, 11.5], "texture": "#0"},
				"down": {"uv": [0.375, 11.75, 0, 13.75], "texture": "#0"}
			}
		},
		{
			"name": "hexadecagon7",
			"from": [6.39876, 16.88, -0.05],
			"to": [9.60124, 24.85336, 16.05],
			"rotation": {"angle": 0, "axis": "y", "origin": [8, 4, 8]},
			"faces": {
				"north": {"uv": [9.875, 14, 10.25, 15], "texture": "#0"},
				"east": {"uv": [10.375, 10.25, 12.375, 11.25], "texture": "#0"},
				"south": {"uv": [10.25, 14, 10.625, 15], "texture": "#0"},
				"west": {"uv": [5.25, 10.5, 7.25, 11.5], "texture": "#0"},
				"up": {"uv": [0.75, 13.75, 0.375, 11.75], "texture": "#0"},
				"down": {"uv": [1.125, 11.75, 0.75, 13.75], "texture": "#0"}
			}
		},
		{
			"name": "hexadecagon8",
			"from": [6.39876, 16.88, -0.05],
			"to": [9.60124, 24.85336, 16.05],
			"rotation": {"angle": 22.5, "axis": "y", "origin": [8, 4, 8]},
			"faces": {
				"north": {"uv": [14, 10.5, 14.375, 11.5], "texture": "#0"},
				"east": {"uv": [7.25, 10.5, 9.25, 11.5], "texture": "#0"},
				"south": {"uv": [10.625, 14, 11, 15], "texture": "#0"},
				"west": {"uv": [0, 10.75, 2, 11.75], "texture": "#0"},
				"up": {"uv": [1.5, 13.75, 1.125, 11.75], "texture": "#0"},
				"down": {"uv": [1.875, 11.75, 1.5, 13.75], "texture": "#0"}
			}
		},
		{
			"name": "hexadecagon9",
			"from": [6.39876, 16.88, -0.05],
			"to": [9.60124, 24.85336, 16.05],
			"rotation": {"angle": 45, "axis": "y", "origin": [8, 4, 8]},
			"faces": {
				"north": {"uv": [14, 11.5, 14.375, 12.5], "texture": "#0"},
				"east": {"uv": [2, 10.75, 4, 11.75], "texture": "#0"},
				"south": {"uv": [14, 13, 14.375, 14], "texture": "#0"},
				"west": {"uv": [11, 0, 13, 1], "texture": "#0"},
				"up": {"uv": [2.25, 13.75, 1.875, 11.75], "texture": "#0"},
				"down": {"uv": [2.625, 11.75, 2.25, 13.75], "texture": "#0"}
			}
		},
		{
			"name": "hexadecagon10",
			"from": [-0.05, 16.88, 6.39876],
			"to": [16.05, 24.85336, 9.60124],
			"rotation": {"angle": -22.5, "axis": "y", "origin": [8, 4, 8]},
			"faces": {
				"north": {"uv": [9.25, 11.25, 11.25, 12.25], "texture": "#0"},
				"east": {"uv": [14, 14, 14.375, 15], "texture": "#0"},
				"south": {"uv": [11.25, 11.25, 13.25, 12.25], "texture": "#0"},
				"west": {"uv": [14.125, 0, 14.5, 1], "texture": "#0"},
				"up": {"uv": [13.375, 3.375, 11.375, 3], "texture": "#0"},
				"down": {"uv": [13.375, 3.375, 11.375, 3.75], "texture": "#0"}
			}
		},
		{
			"name": "hexadecagon11",
			"from": [-0.05, 16.88, 6.39876],
			"to": [16.05, 24.85336, 9.60124],
			"rotation": {"angle": 0, "axis": "y", "origin": [8, 4, 8]},
			"faces": {
				"north": {"uv": [11.375, 1, 13.375, 2], "texture": "#0"},
				"east": {"uv": [3.75, 14.125, 4.125, 15.125], "texture": "#0"},
				"south": {"uv": [11.375, 2, 13.375, 3], "texture": "#0"},
				"west": {"uv": [4.125, 14.125, 4.5, 15.125], "texture": "#0"},
				"up": {"uv": [13.75, 4.125, 11.75, 3.75], "texture": "#0"},
				"down": {"uv": [13.75, 4.125, 11.75, 4.5], "texture": "#0"}
			}
		},
		{
			"name": "hexadecagon12",
			"from": [-0.05, 16.88, 6.39876],
			"to": [16.05, 24.85336, 9.60124],
			"rotation": {"angle": 22.5, "axis": "y", "origin": [8, 4, 8]},
			"faces": {
				"north": {"uv": [4, 11.5, 6, 12.5], "texture": "#0"},
				"east": {"uv": [4.5, 14.125, 4.875, 15.125], "texture": "#0"},
				"south": {"uv": [6, 11.5, 8, 12.5], "texture": "#0"},
				"west": {"uv": [14.125, 4.75, 14.5, 5.75], "texture": "#0"},
				"up": {"uv": [13.75, 4.875, 11.75, 4.5], "texture": "#0"},
				"down": {"uv": [13.75, 4.875, 11.75, 5.25], "texture": "#0"}
			}
		},
		{
			"name": "hexadecagon13",
			"from": [6.55889, 15.914, 0.755],
			"to": [9.44111, 25.9662, 15.245],
			"rotation": {"angle": -45, "axis": "y", "origin": [8, 66.146, 8]},
			"faces": {
				"north": {"uv": [13.375, 1.5, 13.75, 2.75], "texture": "#0"},
				"east": {"uv": [7.875, 1.75, 9.625, 3], "texture": "#0"},
				"south": {"uv": [2.625, 13.5, 3, 14.75], "texture": "#0"},
				"west": {"uv": [7.875, 3, 9.625, 4.25], "texture": "#0"},
				"up": {"uv": [3, 13.5, 2.625, 11.75], "texture": "#0"},
				"down": {"uv": [3.375, 11.75, 3, 13.5], "texture": "#0"}
			}
		},
		{
			"name": "hexadecagon14",
			"from": [6.55889, 15.914, 0.755],
			"to": [9.44111, 25.9662, 15.245],
			"rotation": {"angle": -22.5, "axis": "y", "origin": [8, 66.146, 8]},
			"faces": {
				"north": {"uv": [3, 13.5, 3.375, 14.75], "texture": "#0"},
				"east": {"uv": [8.25, 4.25, 10, 5.5], "texture": "#0"},
				"south": {"uv": [3.375, 13.5, 3.75, 14.75], "texture": "#0"},
				"west": {"uv": [8.25, 5.5, 10, 6.75], "texture": "#0"},
				"up": {"uv": [3.75, 13.5, 3.375, 11.75], "texture": "#0"},
				"down": {"uv": [12.375, 5.25, 12, 7], "texture": "#0"}
			}
		},
		{
			"name": "hexadecagon15",
			"from": [6.55889, 15.914, 0.755],
			"to": [9.44111, 25.9662, 15.245],
			"rotation": {"angle": 0, "axis": "y", "origin": [8, 66.146, 8]},
			"faces": {
				"north": {"uv": [13.5, 6.75, 13.875, 8], "texture": "#0"},
				"east": {"uv": [8.25, 6.75, 10, 8], "texture": "#0"},
				"south": {"uv": [7.875, 13.5, 8.25, 14.75], "texture": "#0"},
				"west": {"uv": [8.25, 8, 10, 9.25], "texture": "#0"},
				"up": {"uv": [12.375, 8.75, 12, 7], "texture": "#0"},
				"down": {"uv": [9.5, 12.25, 9.125, 14], "texture": "#0"}
			}
		},
		{
			"name": "hexadecagon16",
			"from": [6.55889, 15.914, 0.755],
			"to": [9.44111, 25.9662, 15.245],
			"rotation": {"angle": 22.5, "axis": "y", "origin": [8, 66.146, 8]},
			"faces": {
				"north": {"uv": [8.25, 13.5, 8.625, 14.75], "texture": "#0"},
				"east": {"uv": [9.25, 0, 11, 1.25], "texture": "#0"},
				"south": {"uv": [8.625, 13.5, 9, 14.75], "texture": "#0"},
				"west": {"uv": [6.875, 9.25, 8.625, 10.5], "texture": "#0"},
				"up": {"uv": [9.875, 14, 9.5, 12.25], "texture": "#0"},
				"down": {"uv": [10.25, 12.25, 9.875, 14], "texture": "#0"}
			}
		},
		{
			"name": "hexadecagon17",
			"from": [6.55889, 15.914, 0.755],
			"to": [9.44111, 25.9662, 15.245],
			"rotation": {"angle": 45, "axis": "y", "origin": [8, 66.146, 8]},
			"faces": {
				"north": {"uv": [13.5, 9.125, 13.875, 10.375], "texture": "#0"},
				"east": {"uv": [8.625, 9.25, 10.375, 10.5], "texture": "#0"},
				"south": {"uv": [13.625, 11.125, 14, 12.375], "texture": "#0"},
				"west": {"uv": [0, 9.5, 1.75, 10.75], "texture": "#0"},
				"up": {"uv": [10.625, 14, 10.25, 12.25], "texture": "#0"},
				"down": {"uv": [11, 12.25, 10.625, 14], "texture": "#0"}
			}
		},
		{
			"name": "hexadecagon18",
			"from": [0.755, 15.914, 6.55889],
			"to": [15.245, 25.9662, 9.44111],
			"rotation": {"angle": -22.5, "axis": "y", "origin": [8, 66.146, 8]},
			"faces": {
				"north": {"uv": [1.75, 9.5, 3.5, 10.75], "texture": "#0"},
				"east": {"uv": [13.625, 13, 14, 14.25], "texture": "#0"},
				"south": {"uv": [3.5, 9.5, 5.25, 10.75], "texture": "#0"},
				"west": {"uv": [0, 13.75, 0.375, 15], "texture": "#0"},
				"up": {"uv": [13.75, 9.125, 12, 8.75], "texture": "#0"},
				"down": {"uv": [12.75, 12.25, 11, 12.625], "texture": "#0"}
			}
		},
		{
			"name": "hexadecagon19",
			"from": [0.755, 15.914, 6.55889],
			"to": [15.245, 25.9662, 9.44111],
			"rotation": {"angle": 0, "axis": "y", "origin": [8, 66.146, 8]},
			"faces": {
				"north": {"uv": [9.625, 1.25, 11.375, 2.5], "texture": "#0"},
				"east": {"uv": [13.75, 0, 14.125, 1.25], "texture": "#0"},
				"south": {"uv": [9.625, 2.5, 11.375, 3.75], "texture": "#0"},
				"west": {"uv": [0.375, 13.75, 0.75, 15], "texture": "#0"},
				"up": {"uv": [14.125, 5.625, 12.375, 5.25], "texture": "#0"},
				"down": {"uv": [14.125, 5.625, 12.375, 6], "texture": "#0"}
			}
		},
		{
			"name": "hexadecagon20",
			"from": [0.755, 15.914, 6.55889],
			"to": [15.245, 25.9662, 9.44111],
			"rotation": {"angle": 22.5, "axis": "y", "origin": [8, 66.146, 8]},
			"faces": {
				"north": {"uv": [10, 3.75, 11.75, 5], "texture": "#0"},
				"east": {"uv": [0.75, 13.75, 1.125, 15], "texture": "#0"},
				"south": {"uv": [10, 5, 11.75, 6.25], "texture": "#0"},
				"west": {"uv": [1.125, 13.75, 1.5, 15], "texture": "#0"},
				"up": {"uv": [14.125, 6.375, 12.375, 6], "texture": "#0"},
				"down": {"uv": [14.125, 6.375, 12.375, 6.75], "texture": "#0"}
			}
		},
		{
			"name": "hexadecagon21",
			"from": [6.71902, 14.626, 1.56],
			"to": [9.28098, 27.09191, 14.44],
			"rotation": {"angle": -45, "axis": "y", "origin": [8, 3.678, 8]},
			"faces": {
				"north": {"uv": [6.75, 12.5, 7.125, 14], "texture": "#0"},
				"east": {"uv": [0, 0, 1.625, 1.5], "texture": "#0"},
				"south": {"uv": [7.125, 12.5, 7.5, 14], "texture": "#0"},
				"west": {"uv": [0, 1.5, 1.625, 3], "texture": "#0"},
				"up": {"uv": [12.75, 8.375, 12.375, 6.75], "texture": "#0"},
				"down": {"uv": [12.75, 9.125, 12.375, 10.75], "texture": "#0"}
			}
		},
		{
			"name": "hexadecagon22",
			"from": [6.71902, 14.626, 1.56],
			"to": [9.28098, 27.09191, 14.44],
			"rotation": {"angle": -22.5, "axis": "y", "origin": [8, 3.678, 8]},
			"faces": {
				"north": {"uv": [7.5, 12.5, 7.875, 14], "texture": "#0"},
				"east": {"uv": [1.625, 0, 3.25, 1.5], "texture": "#0"},
				"south": {"uv": [12.75, 6.75, 13.125, 8.25], "texture": "#0"},
				"west": {"uv": [1.625, 1.5, 3.25, 3], "texture": "#0"},
				"up": {"uv": [4.125, 14.125, 3.75, 12.5], "texture": "#0"},
				"down": {"uv": [4.5, 12.5, 4.125, 14.125], "texture": "#0"}
			}
		},
		{
			"name": "hexadecagon23",
			"from": [6.71902, 14.626, 1.56],
			"to": [9.28098, 27.09191, 14.44],
			"rotation": {"angle": 0, "axis": "y", "origin": [8, 3.678, 8]},
			"faces": {
				"north": {"uv": [12.75, 9.125, 13.125, 10.625], "texture": "#0"},
				"east": {"uv": [0, 3, 1.625, 4.5], "texture": "#0"},
				"south": {"uv": [11, 13, 11.375, 14.5], "texture": "#0"},
				"west": {"uv": [1.625, 3, 3.25, 4.5], "texture": "#0"},
				"up": {"uv": [4.875, 14.125, 4.5, 12.5], "texture": "#0"},
				"down": {"uv": [5.25, 12.5, 4.875, 14.125], "texture": "#0"}
			}
		},
		{
			"name": "hexadecagon24",
			"from": [6.71902, 14.626, 1.56],
			"to": [9.28098, 27.09191, 14.44],
			"rotation": {"angle": 22.5, "axis": "y", "origin": [8, 3.678, 8]},
			"faces": {
				"north": {"uv": [11.375, 13, 11.75, 14.5], "texture": "#0"},
				"east": {"uv": [3.25, 0, 4.875, 1.5], "texture": "#0"},
				"south": {"uv": [11.75, 13, 12.125, 14.5], "texture": "#0"},
				"west": {"uv": [3.25, 1.5, 4.875, 3], "texture": "#0"},
				"up": {"uv": [5.625, 14.125, 5.25, 12.5], "texture": "#0"},
				"down": {"uv": [6, 12.5, 5.625, 14.125], "texture": "#0"}
			}
		},
		{
			"name": "hexadecagon25",
			"from": [6.71902, 14.626, 1.56],
			"to": [9.28098, 27.09191, 14.44],
			"rotation": {"angle": 45, "axis": "y", "origin": [8, 3.678, 8]},
			"faces": {
				"north": {"uv": [12.125, 13, 12.5, 14.5], "texture": "#0"},
				"east": {"uv": [3.25, 3, 4.875, 4.5], "texture": "#0"},
				"south": {"uv": [12.5, 13, 12.875, 14.5], "texture": "#0"},
				"west": {"uv": [0, 4.5, 1.625, 6], "texture": "#0"},
				"up": {"uv": [6.375, 14.125, 6, 12.5], "texture": "#0"},
				"down": {"uv": [6.75, 12.5, 6.375, 14.125], "texture": "#0"}
			}
		},
		{
			"name": "hexadecagon26",
			"from": [1.56, 14.626, 6.71902],
			"to": [14.44, 27.09191, 9.28098],
			"rotation": {"angle": -22.5, "axis": "y", "origin": [8, 3.678, 8]},
			"faces": {
				"north": {"uv": [1.625, 4.5, 3.25, 6], "texture": "#0"},
				"east": {"uv": [12.875, 13, 13.25, 14.5], "texture": "#0"},
				"south": {"uv": [3.25, 4.5, 4.875, 6], "texture": "#0"},
				"west": {"uv": [13.125, 6.75, 13.5, 8.25], "texture": "#0"},
				"up": {"uv": [6.875, 9.875, 5.25, 9.5], "texture": "#0"},
				"down": {"uv": [6.875, 9.875, 5.25, 10.25], "texture": "#0"}
			}
		},
		{
			"name": "hexadecagon27",
			"from": [1.56, 14.626, 6.71902],
			"to": [14.44, 27.09191, 9.28098],
			"rotation": {"angle": 0, "axis": "y", "origin": [8, 3.678, 8]},
			"faces": {
				"north": {"uv": [4.875, 0, 6.5, 1.5], "texture": "#0"},
				"east": {"uv": [13.125, 9.125, 13.5, 10.625], "texture": "#0"},
				"south": {"uv": [4.875, 1.5, 6.5, 3], "texture": "#0"},
				"west": {"uv": [13.25, 11.125, 13.625, 12.625], "texture": "#0"},
				"up": {"uv": [14, 8.75, 12.375, 8.375], "texture": "#0"},
				"down": {"uv": [14, 10.75, 12.375, 11.125], "texture": "#0"}
			}
		},
		{
			"name": "hexadecagon28",
			"from": [1.56, 14.626, 6.71902],
			"to": [14.44, 27.09191, 9.28098],
			"rotation": {"angle": 22.5, "axis": "y", "origin": [8, 3.678, 8]},
			"faces": {
				"north": {"uv": [4.875, 3, 6.5, 4.5], "texture": "#0"},
				"east": {"uv": [13.25, 13, 13.625, 14.5], "texture": "#0"},
				"south": {"uv": [4.875, 4.5, 6.5, 6], "texture": "#0"},
				"west": {"uv": [13.375, 0, 13.75, 1.5], "texture": "#0"},
				"up": {"uv": [12.625, 13, 11, 12.625], "texture": "#0"},
				"down": {"uv": [14.25, 12.625, 12.625, 13], "texture": "#0"}
			}
		},
		{
			"name": "hexadecagon29",
			"from": [6.94316, 13.66, 2.687],
			"to": [9.05684, 27.99673, 13.313],
			"rotation": {"angle": -45, "axis": "y", "origin": [8, 38.454, 8]},
			"faces": {
				"north": {"uv": [13.75, 1.25, 14, 3], "texture": "#0"},
				"east": {"uv": [0, 6, 1.375, 7.75], "texture": "#0"},
				"south": {"uv": [1.5, 13.75, 1.75, 15.5], "texture": "#0"},
				"west": {"uv": [1.375, 6, 2.75, 7.75], "texture": "#0"},
				"up": {"uv": [5.125, 15.5, 4.875, 14.125], "texture": "#0"},
				"down": {"uv": [5.375, 14.125, 5.125, 15.5], "texture": "#0"}
			}
		},
		{
			"name": "hexadecagon30",
			"from": [6.94316, 13.66, 2.687],
			"to": [9.05684, 27.99673, 13.313],
			"rotation": {"angle": -22.5, "axis": "y", "origin": [8, 38.454, 8]},
			"faces": {
				"north": {"uv": [1.75, 13.75, 2, 15.5], "texture": "#0"},
				"east": {"uv": [2.75, 6, 4.125, 7.75], "texture": "#0"},
				"south": {"uv": [2, 13.75, 2.25, 15.5], "texture": "#0"},
				"west": {"uv": [4.125, 6, 5.5, 7.75], "texture": "#0"},
				"up": {"uv": [5.625, 15.5, 5.375, 14.125], "texture": "#0"},
				"down": {"uv": [5.875, 14.125, 5.625, 15.5], "texture": "#0"}
			}
		},
		{
			"name": "hexadecagon31",
			"from": [6.94316, 13.66, 2.687],
			"to": [9.05684, 27.99673, 13.313],
			"rotation": {"angle": 0, "axis": "y", "origin": [8, 38.454, 8]},
			"faces": {
				"north": {"uv": [2.25, 13.75, 2.5, 15.5], "texture": "#0"},
				"east": {"uv": [5.5, 6, 6.875, 7.75], "texture": "#0"},
				"south": {"uv": [13.75, 3, 14, 4.75], "texture": "#0"},
				"west": {"uv": [6.5, 0, 7.875, 1.75], "texture": "#0"},
				"up": {"uv": [6.125, 15.5, 5.875, 14.125], "texture": "#0"},
				"down": {"uv": [6.375, 14.125, 6.125, 15.5], "texture": "#0"}
			}
		},
		{
			"name": "hexadecagon32",
			"from": [6.94316, 13.66, 2.687],
			"to": [9.05684, 27.99673, 13.313],
			"rotation": {"angle": 22.5, "axis": "y", "origin": [8, 38.454, 8]},
			"faces": {
				"north": {"uv": [13.875, 8.75, 14.125, 10.5], "texture": "#0"},
				"east": {"uv": [6.5, 1.75, 7.875, 3.5], "texture": "#0"},
				"south": {"uv": [14, 1.25, 14.25, 3], "texture": "#0"},
				"west": {"uv": [6.5, 3.5, 7.875, 5.25], "texture": "#0"},
				"up": {"uv": [6.625, 15.5, 6.375, 14.125], "texture": "#0"},
				"down": {"uv": [14.375, 8.5, 14.125, 9.875], "texture": "#0"}
			}
		},
		{
			"name": "hexadecagon33",
			"from": [6.94316, 13.66, 2.687],
			"to": [9.05684, 27.99673, 13.313],
			"rotation": {"angle": 45, "axis": "y", "origin": [8, 38.454, 8]},
			"faces": {
				"north": {"uv": [14, 3, 14.25, 4.75], "texture": "#0"},
				"east": {"uv": [6.875, 5.25, 8.25, 7], "texture": "#0"},
				"south": {"uv": [6.75, 14, 7, 15.75], "texture": "#0"},
				"west": {"uv": [6.875, 7, 8.25, 8.75], "texture": "#0"},
				"up": {"uv": [14.5, 2.375, 14.25, 1], "texture": "#0"},
				"down": {"uv": [14.5, 2.375, 14.25, 3.75], "texture": "#0"}
			}
		},
		{
			"name": "hexadecagon34",
			"from": [2.687, 13.66, 6.94316],
			"to": [13.313, 27.99673, 9.05684],
			"rotation": {"angle": -22.5, "axis": "y", "origin": [8, 38.454, 8]},
			"faces": {
				"north": {"uv": [0, 7.75, 1.375, 9.5], "texture": "#0"},
				"east": {"uv": [14, 6.75, 14.25, 8.5], "texture": "#0"},
				"south": {"uv": [1.375, 7.75, 2.75, 9.5], "texture": "#0"},
				"west": {"uv": [7, 14, 7.25, 15.75], "texture": "#0"},
				"up": {"uv": [8.25, 9, 6.875, 8.75], "texture": "#0"},
				"down": {"uv": [8.25, 9, 6.875, 9.25], "texture": "#0"}
			}
		},
		{
			"name": "hexadecagon35",
			"from": [2.687, 13.66, 6.94316],
			"to": [13.313, 27.99673, 9.05684],
			"rotation": {"angle": 0, "axis": "y", "origin": [8, 38.454, 8]},
			"faces": {
				"north": {"uv": [2.75, 7.75, 4.125, 9.5], "texture": "#0"},
				"east": {"uv": [7.25, 14, 7.5, 15.75], "texture": "#0"},
				"south": {"uv": [4.125, 7.75, 5.5, 9.5], "texture": "#0"},
				"west": {"uv": [7.5, 14, 7.75, 15.75], "texture": "#0"},
				"up": {"uv": [6.625, 10.5, 5.25, 10.25], "texture": "#0"},
				"down": {"uv": [15.5, 5.75, 14.125, 6], "texture": "#0"}
			}
		},
		{
			"name": "hexadecagon36",
			"from": [2.687, 13.66, 6.94316],
			"to": [13.313, 27.99673, 9.05684],
			"rotation": {"angle": 22.5, "axis": "y", "origin": [8, 38.454, 8]},
			"faces": {
				"north": {"uv": [5.5, 7.75, 6.875, 9.5], "texture": "#0"},
				"east": {"uv": [9, 14, 9.25, 15.75], "texture": "#0"},
				"south": {"uv": [7.875, 0, 9.25, 1.75], "texture": "#0"},
				"west": {"uv": [9.25, 14, 9.5, 15.75], "texture": "#0"},
				"up": {"uv": [15.5, 6.25, 14.125, 6], "texture": "#0"},
				"down": {"uv": [15.5, 6.25, 14.125, 6.5], "texture": "#0"}
			}
		}
	],
	"display": {
		"thirdperson_righthand": {
			"rotation": [90, 0, 0],
			"translation": [0, -2, -60],
			"scale": [4, 4, 4]
		},
		"thirdperson_lefthand": {
			"rotation": [61.75, -324.75, 0],
			"translation": [-4.75, -2.25, 12.5]
		},
		"firstperson_righthand": {
			"rotation": [-8.5, 0, 0],
			"translation": [0, -2.5, 1]
		},
		"ground": {
			"translation": [0, -5.75, 0]
		},
		"gui": {
			"rotation": [0, 0, -24.25],
			"translation": [-4.5, -9.25, 0],
			"scale": [1.875, 2.11914, 1]
		},
		"head": {
			"translation": [0, -80, 0],
			"scale": [4, 4, 4]
		},
		"fixed": {
			"rotation": [0, 0, 16.5],
			"translation": [1, -2, -2.1]
		}
	},
	"groups": [
		{
			"name": "HATE",
			"origin": [8, 8, 8],
			"color": 0,
			"children": [
				{
					"name": "hexadecagon1",
					"origin": [8, 8, 8],
					"color": 0,
					"children": [0, 1, 2, 3, 4, 5, 6, 7]
				},
				{
					"name": "hexadecagon2",
					"origin": [8, 8, 8],
					"color": 0,
					"children": [8, 9, 10, 11, 12, 13, 14, 15]
				},
				{
					"name": "hexadecagon3",
					"origin": [8, 8, 8],
					"color": 0,
					"children": [16, 17, 18, 19, 20, 21, 22, 23]
				},
				{
					"name": "hexadecagon4",
					"origin": [8, 8, 8],
					"color": 0,
					"children": [24, 25, 26, 27, 28, 29, 30, 31]
				}
			]
		}
	]
}