{
  "pools": [
    {
      "rolls": 1,
      "entries": [
        {
          "type": "minecraft:item",
          "name": "minecraft:player_head",
          "weight": 30,
          "quality": 2,
          "functions": [
            {
              "function": "minecraft:set_nbt",
              "tag": "{AttributeModifiers:[{Amount:0.75d,AttributeName:\"generic.movement_speed\",Operation:1,Slot:\"offhand\",UUID:[I;-12475,20863,215411,-41726]},{Amount:-2.0d,AttributeName:\"minecraft:generic.attack_damage\",Operation:0,Slot:\"offhand\",UUID:[I;-827023222,1143882293,-1717012084,-1881102774]}],SkullOwner:{Id:[I;2080793942,-524468218,-1541115779,1949756395],Properties:{textures:[{Value:\"eyJ0ZXh0dXJlcyI6eyJTS0lOIjp7InVybCI6Imh0dHA6Ly90ZXh0dXJlcy5taW5lY3JhZnQubmV0L3RleHR1cmUvZjgyMjAyODJmMmVlNTk5NTExYjRmYzc0NjExMWM5NzM2ZDdiNDkxZThiY2ZiNjQ4YThhMTU2MjkyODFlZTUifX19\"}]}},display:{Name:'{\"italic\":false,\"extra\":[{\"text\":\"\"},{\"color\":\"aqua\",\"text\":\"Сфера скорости\"}],\"text\":\"\"}'}}"
            }
          ]
        },
        {
          "type": "minecraft:item",
          "name": "minecraft:player_head",
          "weight": 20,
          "quality": 2,
          "functions": [
            {
              "function": "minecraft:set_nbt",
              "tag": "{AttributeModifiers:[{Amount:5.0d,AttributeName:\"minecraft:generic.armor_toughness\",Operation:0,Slot:\"offhand\",UUID:[I;-12475,24163,215411,-48326]},{Amount:-0.2d,AttributeName:\"minecraft:generic.movement_speed\",Operation:1,Slot:\"offhand\",UUID:[I;-1050925760,-1872343491,-1764030445,1385636734]}],SkullOwner:{Id:[I;2080793942,-524468218,-1541115779,1949756395],Properties:{textures:[{Value:\"eyJ0ZXh0dXJlcyI6eyJTS0lOIjp7InVybCI6Imh0dHA6Ly90ZXh0dXJlcy5taW5lY3JhZnQubmV0L3RleHR1cmUvOTZjODQ0N2E4YjZiMGUwYzdlNzYyOWM2ODk4ZWM5Yzc0OWE3YTBhMmI0NTJiOWMzODUyYzc4NDdiYjRkYzUifX19\"}]}},display:{Name:'{\"italic\":false,\"extra\":[{\"text\":\"\"},{\"color\":\"gray\",\"text\":\"Сфера защиты\"}],\"text\":\"\"}'}}"
            }
          ]
        },
        {
          "type": "minecraft:item",
          "name": "minecraft:player_head",
          "weight": 20,
          "quality": 2,
          "functions": [
            {
              "function": "minecraft:set_nbt",
              "tag": "{AttributeModifiers:[{Amount:5.0d,AttributeName:\"generic.attack_damage\",Operation:0,Slot:\"offhand\",UUID:[I;-12475,13363,215411,-26726]},{Amount:-3.0d,AttributeName:\"minecraft:generic.max_health\",Operation:0,Slot:\"offhand\",UUID:[I;99243087,-1011462699,-1804906998,685295684]}],SkullOwner:{Id:[I;2080793942,-524468218,-1541115779,1949756395],Properties:{textures:[{Value:\"eyJ0ZXh0dXJlcyI6eyJTS0lOIjp7InVybCI6Imh0dHA6Ly90ZXh0dXJlcy5taW5lY3JhZnQubmV0L3RleHR1cmUvYzM2ODdlMjVjNjMyYmNlOGFhNjFlMGQ2NGMyNGU2OTRjM2VlYTYyOWVhOTQ0ZjRjZjMwZGNmYjRmYmNlMDcxIn19fQ==\"}]}},display:{Name:'{\"italic\":false,\"extra\":[{\"text\":\"\"},{\"color\":\"gold\",\"text\":\"Сфера силы\"}],\"text\":\"\"}'}}"
            }
          ]
        },
        {
          "type": "minecraft:item",
          "name": "minecraft:player_head",
          "weight": 10,
          "quality": 2,
          "functions": [
            {
              "function": "minecraft:set_nbt",
              "tag": "{AttributeModifiers:[{Amount:5.0d,AttributeName:\"minecraft:generic.attack_speed\",Operation:0,Slot:\"offhand\",UUID:[I;-12475,24163,215411,-48326]},{Amount:-0.2d,AttributeName:\"minecraft:generic.movement_speed\",Operation:1,Slot:\"offhand\",UUID:[I;-1050925760,-1872343491,-1764030445,1385636734]}],SkullOwner:{Id:[I;2080793942,-524468218,-1541115779,1949756395],Properties:{textures:[{Value:\"eyJ0ZXh0dXJlcyI6eyJTS0lOIjp7InVybCI6Imh0dHA6Ly90ZXh0dXJlcy5taW5lY3JhZnQubmV0L3RleHR1cmUvOTZjODQ0N2E4YjZiMGUwYzdlNzYyOWM2ODk4ZWM5Yzc0OWE3YTBhMmI0NTJiOWMzODUyYzc4NDdiYjRkYzUifX19\"}]}},display:{Name:'{\"italic\":false,\"extra\":[{\"text\":\"\"},{\"color\":\"gray\",\"text\":\"Сфера скорости атаки\"}],\"text\":\"\"}'}}"
            }
          ]
        },
        {
          "type": "minecraft:item",
          "name": "minecraft:player_head",
          "weight": 10,
          "quality": 2,
          "functions": [
            {
              "function": "minecraft:set_nbt",
              "tag": "{AttributeModifiers:[{Amount:5.0d,AttributeName:\"generic.max_health\",Operation:0,Slot:\"offhand\",UUID:[I;-12475,27763,215411,-55526]},{Amount:-5.0d,AttributeName:\"minecraft:generic.armor\",Operation:0,Slot:\"offhand\",UUID:[I;1878434076,1788102819,-1541151711,632314395]}],SkullOwner:{Id:[I;2080793942,-524468218,-1541115779,1949756395],Properties:{textures:[{Value:\"eyJ0ZXh0dXJlcyI6eyJTS0lOIjp7InVybCI6Imh0dHA6Ly90ZXh0dXJlcy5taW5lY3JhZnQubmV0L3RleHR1cmUvZWRiNWNlMGQ0NGMzZTgxMzhkYzJlN2U1MmMyODk3YmI4NzhlMWRiYzIyMGQ3MDY4OWM3YjZiMThkMzE3NWUwZiJ9fX0=\"}]}},display:{Name:'{\"italic\":false,\"extra\":[{\"text\":\"\"},{\"color\":\"red\",\"text\":\"Сфера здоровья\"}],\"text\":\"\"}'}}"
            }
          ]
        },
        {
          "type": "minecraft:item",
          "name": "minecraft:player_head",
          "weight": 3,
          "quality": 2,
          "functions": [
            {
              "function": "minecraft:set_nbt",
              "tag": "{AttributeModifiers:[{Amount:1.5d,AttributeName:\"generic.movement_speed\",Operation:1,Slot:\"offhand\",UUID:[I;-12475,20863,215411,-41726]},{Amount:-3.0d,AttributeName:\"minecraft:generic.attack_damage\",Operation:0,Slot:\"offhand\",UUID:[I;-827023222,1143882293,-1717012084,-1881102774]}],SkullOwner:{Id:[I;2080793942,-524468218,-1541115779,1949756395],Properties:{textures:[{Value:\"eyJ0ZXh0dXJlcyI6eyJTS0lOIjp7InVybCI6Imh0dHA6Ly90ZXh0dXJlcy5taW5lY3JhZnQubmV0L3RleHR1cmUvZjgyMjAyODJmMmVlNTk5NTExYjRmYzc0NjExMWM5NzM2ZDdiNDkxZThiY2ZiNjQ4YThhMTU2MjkyODFlZTUifX19\"}]}},display:{Name:'{\"italic\":false,\"extra\":[{\"text\":\"\"},{\"color\":\"aqua\",\"text\":\"Сфера скорости II\"}],\"text\":\"\"}'}}"
            }
          ]
        },
        {
          "type": "minecraft:item",
          "name": "minecraft:player_head",
          "weight": 2,
          "quality": 2,
          "functions": [
            {
              "function": "minecraft:set_nbt",
              "tag": "{AttributeModifiers:[{Amount:5.0d,AttributeName:\"minecraft:generic.armor_toughness\",Operation:0,Slot:\"offhand\",UUID:[I;-12475,24163,215411,-48326]},{Amount:5.0d,AttributeName:\"minecraft:generic.armor\",Operation:0,Slot:\"offhand\",UUID:[I;2074725107,676610432,-1144339780,431530492]},{Amount:-0.3d,AttributeName:\"minecraft:generic.movement_speed\",Operation:1,Slot:\"offhand\",UUID:[I;1277277750,-185319027,-1142383132,1218540618]}],SkullOwner:{Id:[I;2080793942,-524468218,-1541115779,1949756395],Properties:{textures:[{Value:\"eyJ0ZXh0dXJlcyI6eyJTS0lOIjp7InVybCI6Imh0dHA6Ly90ZXh0dXJlcy5taW5lY3JhZnQubmV0L3RleHR1cmUvOTZjODQ0N2E4YjZiMGUwYzdlNzYyOWM2ODk4ZWM5Yzc0OWE3YTBhMmI0NTJiOWMzODUyYzc4NDdiYjRkYzUifX19\"}]}},display:{Name:'{\"italic\":false,\"extra\":[{\"text\":\"\"},{\"color\":\"gray\",\"text\":\"Сфера защиты II\"}],\"text\":\"\"}'}}"
            }
          ]
        },
        {
          "type": "minecraft:item",
          "name": "minecraft:player_head",
          "weight": 2,
          "quality": 2,
          "functions": [
            {
              "function": "minecraft:set_nbt",
              "tag": "{AttributeModifiers:[{Amount:10.0d,AttributeName:\"generic.attack_damage\",Operation:0,Slot:\"offhand\",UUID:[I;-12475,13363,215411,-26726]},{Amount:-5.0d,AttributeName:\"minecraft:generic.max_health\",Operation:0,Slot:\"offhand\",UUID:[I;99243087,-1011462699,-1804906998,685295684]}],SkullOwner:{Id:[I;2080793942,-524468218,-1541115779,1949756395],Properties:{textures:[{Value:\"eyJ0ZXh0dXJlcyI6eyJTS0lOIjp7InVybCI6Imh0dHA6Ly90ZXh0dXJlcy5taW5lY3JhZnQubmV0L3RleHR1cmUvYzM2ODdlMjVjNjMyYmNlOGFhNjFlMGQ2NGMyNGU2OTRjM2VlYTYyOWVhOTQ0ZjRjZjMwZGNmYjRmYmNlMDcxIn19fQ==\"}]}},display:{Name:'{\"italic\":false,\"extra\":[{\"text\":\"\"},{\"color\":\"gold\",\"text\":\"Сфера силы II\"}],\"text\":\"\"}'}}"
            }
          ]
        },
        {
          "type": "minecraft:item",
          "name": "minecraft:player_head",
          "weight": 1,
          "quality": 2,
          "functions": [
            {
              "function": "minecraft:set_nbt",
              "tag": "{AttributeModifiers:[{Amount:3.0d,AttributeName:\"minecraft:generic.attack_damage\",Operation:0,Slot:\"offhand\",UUID:[I;1627558351,-1506916813,-1845444509,1603628301]},{Amount:7.5d,AttributeName:\"minecraft:generic.attack_speed\",Operation:0,Slot:\"offhand\",UUID:[I;-12475,24163,215411,-48326]},{Amount:-0.35d,AttributeName:\"minecraft:generic.movement_speed\",Operation:1,Slot:\"offhand\",UUID:[I;-1050925760,-1872343491,-1764030445,1385636734]}],SkullOwner:{Id:[I;2080793942,-524468218,-1541115779,1949756395],Properties:{textures:[{Value:\"eyJ0ZXh0dXJlcyI6eyJTS0lOIjp7InVybCI6Imh0dHA6Ly90ZXh0dXJlcy5taW5lY3JhZnQubmV0L3RleHR1cmUvOTZjODQ0N2E4YjZiMGUwYzdlNzYyOWM2ODk4ZWM5Yzc0OWE3YTBhMmI0NTJiOWMzODUyYzc4NDdiYjRkYzUifX19\"}]}},display:{Name:'{\"italic\":false,\"extra\":[{\"text\":\"\"},{\"color\":\"gray\",\"text\":\"Сфера скорости атаки II\"}],\"text\":\"\"}'}}"
            }
          ]
        },
        {
          "type": "minecraft:item",
          "name": "minecraft:player_head",
          "weight": 1,
          "quality": 2,
          "functions": [
            {
              "function": "minecraft:set_nbt",
              "tag": "{AttributeModifiers:[{Amount:10.0d,AttributeName:\"generic.max_health\",Operation:0,Slot:\"offhand\",UUID:[I;-12475,27763,215411,-55526]},{Amount:-7.5d,AttributeName:\"minecraft:generic.armor\",Operation:0,Slot:\"offhand\",UUID:[I;1878434076,1788102819,-1541151711,632314395]}],SkullOwner:{Id:[I;2080793942,-524468218,-1541115779,1949756395],Properties:{textures:[{Value:\"eyJ0ZXh0dXJlcyI6eyJTS0lOIjp7InVybCI6Imh0dHA6Ly90ZXh0dXJlcy5taW5lY3JhZnQubmV0L3RleHR1cmUvZWRiNWNlMGQ0NGMzZTgxMzhkYzJlN2U1MmMyODk3YmI4NzhlMWRiYzIyMGQ3MDY4OWM3YjZiMThkMzE3NWUwZiJ9fX0=\"}]}},display:{Name:'{\"italic\":false,\"extra\":[{\"text\":\"\"},{\"color\":\"red\",\"text\":\"Сфера здоровья II\"}],\"text\":\"\"}'}}"
            }
          ]
        }
      ]
    },
    {
      "rolls": {
        "type": "minecraft:uniform",
        "min": 3,
        "max": {
          "type": "minecraft:uniform",
          "min": 6,
          "max": {
            "type": "minecraft:uniform",
            "min": 9,
            "max": 12
          }
        }
      },
      "entries": [
        {
          "type": "minecraft:item",
          "name": "minecraft:nether_star",
          "weight": 10,
          "quality": 2,
          "functions": [
            {
              "function": "minecraft:set_nbt",
              "tag": "{AttributeModifiers:[{Amount:-1.5d,AttributeName:\"minecraft:generic.attack_damage\",Operation:0,Slot:\"offhand\",UUID:[I;-484506429,1581010262,-1560123801,1116342152]},{Amount:2.5d,AttributeName:\"minecraft:generic.attack_speed\",Operation:0,Slot:\"offhand\",UUID:[I;-236106948,1539262902,-2026493776,1178851674]}],display:{Name:'{\"italic\":false,\"extra\":[{\"text\":\"\"},{\"color\":\"gray\",\"text\":\"Осколок сферы скорости атаки\"}],\"text\":\"\"}'}}"
            }
          ]
        },
        {
          "type": "minecraft:item",
          "name": "minecraft:ghast_tear",
          "weight": 10,
          "quality": 2,
          "functions": [
            {
              "function": "minecraft:set_nbt",
              "tag": "{AttributeModifiers:[{Amount:-3.0d,AttributeName:\"minecraft:generic.armor\",Operation:0,Slot:\"offhand\",UUID:[I;782883046,1002127685,-1841679509,-239179891]},{Amount:2.5d,AttributeName:\"minecraft:generic.max_health\",Operation:0,Slot:\"offhand\",UUID:[I;2035713356,-804108162,-1948620034,1031505179]}],display:{Name:'{\"italic\":false,\"extra\":[{\"text\":\"\"},{\"color\":\"red\",\"text\":\"Осколок сферы здоровья\"}],\"text\":\"\"}'}}"
            }
          ]
        },
        {
          "type": "minecraft:item",
          "name": "minecraft:fire_charge",
          "weight": 30,
          "quality": 2,
          "functions": [
            {
              "function": "minecraft:set_nbt",
              "tag": "{AttributeModifiers:[{Amount:-2.0d,AttributeName:\"minecraft:generic.max_health\",Operation:0,Slot:\"offhand\",UUID:[I;245577008,-566933979,-1408284133,1135515883]},{Amount:2.5d,AttributeName:\"minecraft:generic.attack_damage\",Operation:0,Slot:\"offhand\",UUID:[I;1924784197,-647412374,-1189186584,1334565520]}],display:{Name:'{\"italic\":false,\"extra\":[{\"text\":\"\"},{\"color\":\"gold\",\"text\":\"Осколок сферы силы\"}],\"text\":\"\"}'}}"
            }
          ]
        },
        {
          "type": "minecraft:item",
          "name": "minecraft:nautilus_shell",
          "weight": 20,
          "quality": 2,
          "functions": [
            {
              "function": "minecraft:set_nbt",
              "tag": "{AttributeModifiers:[{Amount:2.5d,AttributeName:\"minecraft:generic.armor_toughness\",Operation:0,Slot:\"offhand\",UUID:[I;471051722,1749765990,-1299450507,876845332]},{Amount:-0.15d,AttributeName:\"minecraft:generic.movement_speed\",Operation:1,Slot:\"offhand\",UUID:[I;1991703782,1880047940,-1687219397,155369446]}],display:{Name:'{\"italic\":false,\"extra\":[{\"text\":\"\"},{\"color\":\"gray\",\"text\":\"Осколок сферы защиты\"}],\"text\":\"\"}'}}"
            }
          ]
        },
        {
          "type": "minecraft:item",
          "name": "minecraft:heart_of_the_sea",
          "weight": 20,
          "quality": 2,
          "functions": [
            {
              "function": "minecraft:set_nbt",
              "tag": "{AttributeModifiers:[{Amount:0.3d,AttributeName:\"minecraft:generic.movement_speed\",Operation:1,Slot:\"offhand\",UUID:[I;-1004165341,1565216070,-1887672960,-1532879744]},{Amount:-1.5d,AttributeName:\"minecraft:generic.attack_damage\",Operation:0,Slot:\"offhand\",UUID:[I;883971230,1508065364,-1790415611,-1359985976]}],display:{Name:'{\"italic\":false,\"extra\":[{\"text\":\"\"},{\"color\":\"aqua\",\"text\":\"Осколок сферы скорости\"}],\"text\":\"\"}'}}"
            }
          ]
        }
      ],
      "conditions": [
        {
          "condition": "minecraft:random_chance",
          "chance": 0.8
        }
      ]
    },
    {
      "rolls": {
        "type": "minecraft:uniform",
        "min": {
          "type": "minecraft:uniform",
          "min": 5,
          "max": {
            "type": "minecraft:uniform",
            "min": 8,
            "max": {
              "type": "minecraft:uniform",
              "min": 10,
              "max": {
                "type": "minecraft:uniform",
                "min": 15,
                "max": 20
              }
            }
          }
        },
        "max": 0
      },
      "entries": [
        {
          "type": "minecraft:item",
          "name": "minecraft:diamond_sword",
          "quality": 1,
          "functions": [
            {
              "function": "minecraft:set_enchantments",
              "enchantments": {
                "minecraft:sharpness": {
                  "type": "minecraft:uniform",
                  "min": 3,
                  "max": {
                    "type": "minecraft:uniform",
                    "min": 6,
                    "max": 8
                  }
                }
              }
            }
          ]
        },
        {
          "type": "minecraft:item",
          "name": "minecraft:nautilus_shell",
          "weight": 10
        },
        {
          "type": "minecraft:item",
          "name": "minecraft:fire_charge",
          "weight": 10
        },
        {
          "type": "minecraft:item",
          "name": "minecraft:heart_of_the_sea",
          "weight": 10
        },
        {
          "type": "minecraft:item",
          "name": "minecraft:nether_star",
          "weight": 10
        }
      ],
      "conditions": [
        {
          "condition": "minecraft:random_chance",
          "chance": 0.9
        }
      ]
    },
    {
      "rolls": {
        "type": "minecraft:uniform",
        "min": 1,
        "max": {
          "type": "minecraft:uniform",
          "min": 2,
          "max": {
            "type": "minecraft:uniform",
            "min": 4,
            "max": 5
          }
        }
      },
      "entries": [
        {
          "type": "minecraft:item",
          "name": "minecraft:music_disc_stal",
          "weight": 10,
          "functions": [
            {
              "function": "minecraft:set_nbt",
              "tag": "{HideFlags:32,display:{Name:'{\"italic\":false,\"extra\":[{\"text\":\"\"},{\"color\":\"dark_gray\",\"text\":\"Основание сферы скорости атаки\"}],\"text\":\"\"}'}}"
            }
          ]
        },
        {
          "type": "minecraft:item",
          "name": "minecraft:music_disc_chirp",
          "weight": 10,
          "functions": [
            {
              "function": "minecraft:set_nbt",
              "tag": "{HideFlags:32,display:{Name:'{\"italic\":false,\"extra\":[{\"text\":\"\"},{\"color\":\"dark_red\",\"text\":\"Основание сферы здоровья\"}],\"text\":\"\"}'}}"
            }
          ]
        },
        {
          "type": "minecraft:item",
          "name": "minecraft:music_disc_blocks",
          "weight": 30,
          "functions": [
            {
              "function": "minecraft:set_nbt",
              "tag": "{HideFlags:32,display:{Name:'{\"italic\":false,\"extra\":[{\"text\":\"\"},{\"color\":\"#B64A00\",\"text\":\"Основание сферы атаки\"}],\"text\":\"\"}'}}"
            }
          ]
        },
        {
          "type": "minecraft:item",
          "name": "minecraft:music_disc_stal",
          "weight": 20,
          "functions": [
            {
              "function": "minecraft:set_nbt",
              "tag": "{HideFlags:32,display:{Name:'{\"italic\":false,\"extra\":[{\"text\":\"\"},{\"color\":\"dark_gray\",\"text\":\"Основание сферы защиты\"}],\"text\":\"\"}'}}"
            }
          ]
        },
        {
          "type": "minecraft:item",
          "name": "minecraft:music_disc_wait",
          "weight": 30,
          "functions": [
            {
              "function": "minecraft:set_nbt",
              "tag": "{HideFlags:32,display:{Name:'{\"italic\":false,\"extra\":[{\"text\":\"\"},{\"color\":\"dark_aqua\",\"text\":\"Основание сферы скорости\"}],\"text\":\"\"}'}}"
            }
          ]
        }
      ],
      "conditions": [
        {
          "condition": "minecraft:random_chance",
          "chance": 0.7
        }
      ]
    }
  ]
}
