{
	"credit": "Made with Blockbench",
	"parent": "minecraft:item/handheld",
	"textures": {
		"layer0": "item/dt_orb_blue"
	},
	"display": {
		"thirdperson_righthand": {
			"rotation": [-112, 180, 0],
			"translation": [0, 0.5, -0.25],
			"scale": [0.25, 0.25, 0.25]
		},
		"thirdperson_lefthand": {
			"rotation": [69, 180, 1],
			"translation": [0.25, 0.5, 0],
			"scale": [0.25, 0.25, 0.25]
		},
		"firstperson_righthand": {
			"rotation": [0, 180, 89],
			"translation": [1.88, 2.95, 1.13],
			"scale": [0.3, 0.3, 0.1]
		},
		"firstperson_lefthand": {
			"rotation": [0, 180, -1],
			"translation": [2.13, 2.95, 1.13],
			"scale": [0.3, 0.3, 0.1]
		},
		"ground": {
			"scale": [0.5, 0.5, 0.5]
		},
		"gui": {
			"translation": [0.25, -0.25, 0],
			"scale": [0.75, 0.75, 0.75]
		},
		"fixed": {
			"scale": [0.75, 0.75, 0.75]
		}
	}
}