{
 "parent": "item/handheld",
 "textures": {
  "layer0": "item/totem_of_undying"
 },

 "overrides": [
 { "predicate": {"custom_model_data": 741311}, "model": "item/sans_soul"},
  { "predicate": {"custom_model_data": 9019103}, "model": "item/dt_orb/red"},
  {"predicate":{"custom_model_data":9019104}, "model":"item/dt_orb/green"},
  {"predicate":{"custom_model_data":9019105}, "model":"item/dt_orb/yellow"},
  {"predicate":{"custom_model_data":9019106}, "model":"item/dt_orb/purple"},
  {"predicate":{"custom_model_data":9019107}, "model":"item/dt_orb/orange"},
  {"predicate":{"custom_model_data":9019108}, "model":"item/dt_orb/cyan"},
  {"predicate":{"custom_model_data":9019109}, "model":"item/dt_orb/blue"},
  {"predicate":{"custom_model_data":9019110}, "model":"item/dt_orb/0"}
 ]

 
}