{
 "parent": "item/handheld",
 "textures": {
  "layer0": "item/warped_fungus_on_a_stick"
 },

 "overrides": [
  { "predicate": {"custom_model_data": 15109}, "model": "item/souls/light_blue"},
  { "predicate": {"custom_model_data": 15110}, "model": "item/souls/orange"},
  { "predicate": {"custom_model_data": 15111}, "model": "item/souls/blue"},
  { "predicate": {"custom_model_data": 15114}, "model": "item/souls/yellow"},
  { "predicate": {"custom_model_data": 15115}, "model": "item/souls/red"}
 ]
}