{
    "parent": "minecraft:item/handheld",
    "overrides": [
    {
        "model": "apicolor:item/netherite_shovel_quartz_trim",
        "predicate": {
        "trim_type": 0.1
        }
    },
    {
        "model": "apicolor:item/netherite_shovel_iron_trim",
        "predicate": {
        "trim_type": 0.2
        }
    },
    {
        "model": "apicolor:item/netherite_shovel_netherite_trim",
        "predicate": {
        "trim_type": 0.3
        }
    },
    {
        "model": "apicolor:item/netherite_shovel_redstone_trim",
        "predicate": {
        "trim_type": 0.4
        }
    },
    {
        "model": "apicolor:item/netherite_shovel_copper_trim",
        "predicate": {
        "trim_type": 0.5
        }
    },
    {
        "model": "apicolor:item/netherite_shovel_gold_trim",
        "predicate": {
        "trim_type": 0.6
        }
    },
    {
        "model": "apicolor:item/netherite_shovel_emerald_trim",
        "predicate": {
        "trim_type": 0.7
        }
    },
    {
        "model": "apicolor:item/netherite_shovel_diamond_trim",
        "predicate": {
        "trim_type": 0.8
        }
    },
    {
        "model": "apicolor:item/netherite_shovel_lapis_trim",
        "predicate": {
        "trim_type": 0.9
        }
    },
    {
        "model": "apicolor:item/netherite_shovel_amethyst_trim",
        "predicate": {
        "trim_type": 1.0
        }
    }
    ],
    "textures": {
    "layer0": "minecraft:item/netherite_shovel"
    }
    }