{
	"credit": "Made with Blockbench",
	"texture_size": [32, 32],
	"textures": {
		"1": "block/command_block_back",
		"2": "qualityarmory:yellowsstaff",
		"particle": "block/command_block_back"
	},
	"elements": [
		{
			"name": "Staff_Part_1",
			"from": [7, -16, 7],
			"to": [9, 16, 9],
			"faces": {
				"north": {"uv": [0, 0, 1, 16], "texture": "#2"},
				"east": {"uv": [1, 0, 2, 16], "texture": "#2"},
				"south": {"uv": [2, 0, 3, 16], "texture": "#2"},
				"west": {"uv": [3, 0, 4, 16], "texture": "#2"},
				"up": {"uv": [8.5, 8, 7.5, 7], "texture": "#2"},
				"down": {"uv": [9, 2, 8, 3], "texture": "#2"}
			}
		},
		{
			"name": "Staff_Part_2",
			"from": [7, 16, 3],
			"to": [9, 17, 9],
			"faces": {
				"north": {"uv": [8.5, 6, 9.5, 6.5], "texture": "#2"},
				"east": {"uv": [7, 1, 10, 1.5], "texture": "#2"},
				"south": {"uv": [6.5, 8.5, 7.5, 9], "texture": "#2"},
				"west": {"uv": [7, 1.5, 10, 2], "texture": "#2"},
				"up": {"uv": [6, 3, 5, 0], "texture": "#2"},
				"down": {"uv": [6, 3, 5, 6], "texture": "#2"}
			}
		},
		{
			"name": "Staff_Part_3",
			"from": [7, 17, 3],
			"to": [9, 24, 4],
			"faces": {
				"north": {"uv": [4, 0, 5, 3.5], "texture": "#2"},
				"east": {"uv": [6, 4, 6.5, 7.5], "texture": "#2"},
				"south": {"uv": [4, 3.5, 5, 7], "texture": "#2"},
				"west": {"uv": [5, 6, 5.5, 9.5], "texture": "#2"},
				"up": {"uv": [9.5, 7, 8.5, 6.5], "texture": "#2"},
				"down": {"uv": [9.5, 7, 8.5, 7.5], "texture": "#2"}
			}
		},
		{
			"name": "Staff_Part_4",
			"from": [7, 24, 3],
			"to": [9, 25, 7],
			"rotation": {"angle": 0, "axis": "x", "origin": [8, 20.5, 8.5]},
			"faces": {
				"north": {"uv": [8.5, 7.5, 9.5, 8], "texture": "#2"},
				"east": {"uv": [7, 3.5, 9, 4], "texture": "#2"},
				"south": {"uv": [8.5, 8, 9.5, 8.5], "texture": "#2"},
				"west": {"uv": [8, 3, 10, 3.5], "texture": "#2"},
				"up": {"uv": [7, 2, 6, 0], "texture": "#2"},
				"down": {"uv": [7, 2, 6, 4], "texture": "#2"}
			}
		},
		{
			"name": "Staff_Part_5",
			"from": [9, 16, 7],
			"to": [12.5, 17, 9],
			"faces": {
				"north": {"uv": [8.5, 4, 10.25, 4.5], "texture": "#2"},
				"east": {"uv": [8.5, 8.5, 9.5, 9], "texture": "#2"},
				"south": {"uv": [8.5, 4.5, 10.25, 5], "texture": "#2"},
				"west": {"uv": [9, 0, 10, 0.5], "texture": "#2"},
				"up": {"uv": [8.25, 5, 6.5, 4], "texture": "#2"},
				"down": {"uv": [8.25, 5, 6.5, 6], "texture": "#2"}
			}
		},
		{
			"name": "Staff_Part_6",
			"from": [11.5, 17, 7],
			"to": [12.5, 18, 9],
			"faces": {
				"north": {"uv": [5.5, 7, 6, 7.5], "texture": "#2"},
				"east": {"uv": [9, 0.5, 10, 1], "texture": "#2"},
				"south": {"uv": [9, 9, 9.5, 9.5], "texture": "#2"},
				"west": {"uv": [9, 2, 10, 2.5], "texture": "#2"},
				"up": {"uv": [6, 7, 5.5, 6], "texture": "#2"},
				"down": {"uv": [6, 9, 5.5, 10], "texture": "#2"}
			}
		},
		{
			"name": "Staff_Part_7",
			"from": [3.5, 17, 7],
			"to": [4.5, 18, 9],
			"faces": {
				"north": {"uv": [4, 9.5, 4.5, 10], "texture": "#2"},
				"east": {"uv": [9, 2.5, 10, 3], "texture": "#2"},
				"south": {"uv": [4.5, 9.5, 5, 10], "texture": "#2"},
				"west": {"uv": [9, 3.5, 10, 4], "texture": "#2"},
				"up": {"uv": [6.5, 10, 6, 9], "texture": "#2"},
				"down": {"uv": [7, 9, 6.5, 10], "texture": "#2"}
			}
		},
		{
			"name": "Staff_Part_8",
			"from": [3.5, 16, 7],
			"to": [7, 17, 9],
			"faces": {
				"north": {"uv": [8.5, 5, 10.25, 5.5], "texture": "#2"},
				"east": {"uv": [7, 9, 8, 9.5], "texture": "#2"},
				"south": {"uv": [8.5, 5.5, 10.25, 6], "texture": "#2"},
				"west": {"uv": [8, 9, 9, 9.5], "texture": "#2"},
				"up": {"uv": [8.25, 7, 6.5, 6], "texture": "#2"},
				"down": {"uv": [8.75, 0, 7, 1], "texture": "#2"}
			}
		},
		{
			"name": "Staff_Tip",
			"from": [7, 24, 7],
			"to": [9, 27, 9],
			"rotation": {"angle": 0, "axis": "x", "origin": [8, 20.5, 8.5]},
			"faces": {
				"north": {"uv": [7, 2, 8, 3.5], "texture": "#2"},
				"east": {"uv": [4, 7, 5, 8.5], "texture": "#2"},
				"south": {"uv": [6.5, 7, 7.5, 8.5], "texture": "#2"},
				"west": {"uv": [5.5, 7.5, 6.5, 9], "texture": "#2"},
				"up": {"uv": [8.5, 9, 7.5, 8], "texture": "#2"},
				"down": {"uv": [5, 8.5, 4, 9.5], "texture": "#2"}
			}
		},
		{
			"name": "Command_Block",
			"from": [4.5, 17, 4],
			"to": [11.5, 24, 11],
			"faces": {
				"north": {"uv": [0, 16, 16, 0], "texture": "#1"},
				"east": {"uv": [0, 16, 16, 0], "texture": "#1"},
				"south": {"uv": [0, 16, 16, 0], "texture": "#1"},
				"west": {"uv": [0, 16, 16, 0], "texture": "#1"},
				"up": {"uv": [16, 0, 0, 16], "texture": "#1"},
				"down": {"uv": [16, 16, 0, 0], "texture": "#1"}
			}
		}
	],
	"display": {
		"thirdperson_righthand": {
			"rotation": [0, 180, 0],
			"translation": [0, 0, 1.25],
			"scale": [0.8, 0.8, 0.8]
		},
		"thirdperson_lefthand": {
			"rotation": [0, 180, 0],
			"translation": [0, 0, 1.25],
			"scale": [0.8, 0.8, 0.8]
		},
		"firstperson_righthand": {
			"rotation": [-6, -180, 0],
			"translation": [1.25, -1.25, -0.25],
			"scale": [0.8, 0.8, 0.8]
		},
		"firstperson_lefthand": {
			"rotation": [-6, -180, 0],
			"translation": [1.25, -1.25, -0.25],
			"scale": [0.8, 0.8, 0.8]
		},
		"ground": {
			"rotation": [0, 180, 58],
			"translation": [0, 9.5, 0]
		},
		"gui": {
			"rotation": [0, 0, 45],
			"translation": [-1, 1, 0],
			"scale": [0.5, 0.5, 0.5]
		},
		"head": {
			"rotation": [0, 180, 0]
		},
		"fixed": {
			"rotation": [0, 180, 57],
			"translation": [2.25, 1.5, -2.75]
		}
	},
	"groups": [
		{
			"name": "Yellows_Staff",
			"origin": [0, 0, 0],
			"color": 0,
			"children": [0, 1, 2, 3, 4, 5, 6, 7, 8, 9]
		}
	]
}