{
	"credit": "Made with Blockbench",
	"parent": "minecraft:item/handheld",
	"textures": {
		"layer0": "item/monstersoul"
	},
	"display": {
		"thirdperson_righthand": {
			"translation": [0, 2.5, 0.5],
			"scale": [0, 0, 0]
		},
		"thirdperson_lefthand": {
			"translation": [0, 4, 0.5],
			"scale": [0, 0, 0]
		},
		"firstperson_righthand": {
			"translation": [0.38, 4.7, 1.13],
			"scale": [0.5, 0.5, 0.5]
		},
		"firstperson_lefthand": {
			"translation": [1.13, 4.45, 1.63],
			"scale": [0, 0, 0]
		},
		"ground": {
			"scale": [0.6, 0.6, 0.6]
		},
		"gui": {
			"scale": [0.77, 0.79, 0.74]
		},
		"head": {
			"translation": [0, -28, 0],
			"scale": [1.42, 1.92, 1.19]
		}
	}
}