{
 "parent": "item/handheld",
 "textures": {
  "layer0": "item/snowball"
 },

 "overrides": [
 { "predicate": {"custom_model_data": 741311}, "model": "item/bone_throw"},
 {
    "predicate": {
        "custom_model_data": 100001
    },
    "model": "wyvernity:gme/loot_crate_common"
},
{
    "predicate": {
        "custom_model_data": 100002
    },
    "model": "wyvernity:gme/loot_crate_rare"
},
{
    "predicate": {
        "custom_model_data": 100003
    },
    "model": "wyvernity:gme/loot_crate_epic"
},
{
    "predicate": {
        "custom_model_data": 100004
    },
    "model": "wyvernity:gme/loot_crate_legendary"
}
 ]
}